,K_1,K_2,K_3,K_4,K_5,K_6,K_7,K_8,K_9,K_10,K_11,K_12,K_13,K_14,K_15,K_16,K_17,K_18,K_19,K_20,K_21,K_22,K_23,K_24,K_25,K_26,K_27,K_28,K_29,K_30,K_31,K_32,K_33,K_34,K_35,K_36,K_37,K_38,K_39,K_40,K_41,K_42,K_43,K_44,K_45,K_46,K_47,K_48,K_49,K_50,K_51,K_52,K_53,K_54,K_55,K_56,K_57,K_58,K_59,K_60,K_61,K_62,K_63,K_64,K_65,K_66,K_67,K_68,K_69,K_70,K_71,K_72,K_73,K_74,K_75,K_76,K_77,K_78,K_79,K_80,K_81,K_82,K_83,K_84
50words,WordsSynonyms,ProximalPhalanxOutlineCorrect,ProximalPhalanxTW,MiddlePhalanxOutlineCorrect,ArrowHead,PhalangesOutlinesCorrect,ProximalPhalanxOutlineAgeGroup,DistalPhalanxOutlineCorrect,MiddlePhalanxOutlineAgeGroup,MiddlePhalanxTW,DistalPhalanxOutlineAgeGroup,uWaveGestureLibrary_Y,Strawberry,DistalPhalanxTW,ShapesAll,StarLightCurves,MedicalImages,InsectWingbeatSound,Gun_Point,uWaveGestureLibrary_X,Beef,uWaveGestureLibrary_Z,ToeSegmentation2,Lighting7,Coffee,Meat,Cricket_X,ToeSegmentation1,MALLAT,Cricket_Z,MoteStrain,InlineSkate,wafer,Cricket_Y,ElectricDevices,OliveOil,CBF,FaceAll,Lighting2,ECG5000,UWaveGestureLibraryAll,Worms,ItalyPowerDemand,SonyAIBORobotSurfaceII,ECG200,FacesUCR,Ham,yoga,Haptics,ScreenType,synthetic_control,Wine,Computers,SonyAIBORobotSurface,Symbols,WormsTwoClass,SwedishLeaf,BeetleFly,TwoLeadECG,Plane,Adiac,Two_Patterns,OSULeaf,LargeKitchenAppliances,HandOutlines,ECGFiveDays,ChlorineConcentration,Trace,BirdChicken,CinC_ECG_torso,FaceFour,FordB,FordA,Phoneme,RefrigerationDevices,DiatomSizeReduction,Car,FISH,Herring,NonInvasiveFatalECG_Thorax2,NonInvasiveFatalECG_Thorax1,SmallKitchenAppliances,Earthquakes,ShapeletSim
Adiac,DiatomSizeReduction,SwedishLeaf,ShapesAll,FISH,Car,Herring,yoga,Plane,uWaveGestureLibrary_X,uWaveGestureLibrary_Z,ToeSegmentation2,SonyAIBORobotSurface,OSULeaf,uWaveGestureLibrary_Y,InlineSkate,BirdChicken,Cricket_X,StarLightCurves,Cricket_Z,Cricket_Y,MoteStrain,ECG200,NonInvasiveFatalECG_Thorax1,Worms,TwoLeadECG,synthetic_control,NonInvasiveFatalECG_Thorax2,ElectricDevices,DistalPhalanxOutlineAgeGroup,DistalPhalanxTW,UWaveGestureLibraryAll,ECG5000,FacesUCR,SonyAIBORobotSurfaceII,ProximalPhalanxTW,FaceAll,DistalPhalanxOutlineCorrect,MiddlePhalanxTW,ProximalPhalanxOutlineAgeGroup,MiddlePhalanxOutlineAgeGroup,MiddlePhalanxOutlineCorrect,MedicalImages,ProximalPhalanxOutlineCorrect,PhalangesOutlinesCorrect,WordsSynonyms,WormsTwoClass,ScreenType,Beef,50words,Trace,Computers,ItalyPowerDemand,ToeSegmentation1,Symbols,InsectWingbeatSound,ChlorineConcentration,Two_Patterns,ECGFiveDays,BeetleFly,CBF,Haptics,Lighting7,CinC_ECG_torso,Strawberry,FaceFour,Wine,wafer,Gun_Point,Lighting2,Ham,ArrowHead,Meat,Coffee,LargeKitchenAppliances,Phoneme,FordB,FordA,RefrigerationDevices,OliveOil,ShapeletSim,MALLAT,Earthquakes,SmallKitchenAppliances,HandOutlines
ArrowHead,50words,WordsSynonyms,ShapesAll,MedicalImages,ProximalPhalanxTW,DistalPhalanxOutlineCorrect,DistalPhalanxTW,ProximalPhalanxOutlineAgeGroup,DistalPhalanxOutlineAgeGroup,ProximalPhalanxOutlineCorrect,MiddlePhalanxTW,MiddlePhalanxOutlineAgeGroup,MiddlePhalanxOutlineCorrect,PhalangesOutlinesCorrect,Coffee,wafer,uWaveGestureLibrary_Y,uWaveGestureLibrary_X,uWaveGestureLibrary_Z,ECG5000,Beef,FaceAll,Haptics,Cricket_Z,MALLAT,Cricket_X,ToeSegmentation1,Cricket_Y,MoteStrain,Lighting7,ToeSegmentation2,Worms,FacesUCR,ItalyPowerDemand,WormsTwoClass,CBF,InsectWingbeatSound,ElectricDevices,ScreenType,SonyAIBORobotSurfaceII,Strawberry,InlineSkate,StarLightCurves,Computers,synthetic_control,yoga,Gun_Point,UWaveGestureLibraryAll,OliveOil,HandOutlines,ECG200,TwoLeadECG,SonyAIBORobotSurface,Ham,SwedishLeaf,Meat,Wine,Lighting2,Symbols,ECGFiveDays,CinC_ECG_torso,Trace,Two_Patterns,OSULeaf,BeetleFly,Plane,Adiac,FaceFour,LargeKitchenAppliances,BirdChicken,ChlorineConcentration,FordB,Phoneme,FordA,RefrigerationDevices,DiatomSizeReduction,ShapeletSim,NonInvasiveFatalECG_Thorax2,NonInvasiveFatalECG_Thorax1,Car,Herring,FISH,Earthquakes,SmallKitchenAppliances
Beef,50words,uWaveGestureLibrary_Y,uWaveGestureLibrary_X,Meat,uWaveGestureLibrary_Z,WordsSynonyms,ProximalPhalanxTW,ProximalPhalanxOutlineAgeGroup,ProximalPhalanxOutlineCorrect,MiddlePhalanxOutlineCorrect,DistalPhalanxOutlineCorrect,PhalangesOutlinesCorrect,MiddlePhalanxOutlineAgeGroup,DistalPhalanxTW,MiddlePhalanxTW,Strawberry,StarLightCurves,DistalPhalanxOutlineAgeGroup,MoteStrain,MedicalImages,Cricket_Y,Cricket_X,Cricket_Z,Wine,ToeSegmentation1,ShapesAll,Coffee,ToeSegmentation2,InsectWingbeatSound,ECG200,Worms,SonyAIBORobotSurface,ArrowHead,FacesUCR,OliveOil,Gun_Point,SwedishLeaf,yoga,ECG5000,synthetic_control,CBF,FaceAll,WormsTwoClass,SonyAIBORobotSurfaceII,Lighting7,Plane,TwoLeadECG,OSULeaf,UWaveGestureLibraryAll,CinC_ECG_torso,ElectricDevices,ItalyPowerDemand,BirdChicken,Adiac,ScreenType,Computers,Trace,wafer,Symbols,Ham,ECGFiveDays,BeetleFly,InlineSkate,MALLAT,Lighting2,Two_Patterns,DiatomSizeReduction,FaceFour,Car,ChlorineConcentration,LargeKitchenAppliances,FISH,Herring,RefrigerationDevices,Haptics,Phoneme,NonInvasiveFatalECG_Thorax2,FordB,FordA,NonInvasiveFatalECG_Thorax1,ShapeletSim,SmallKitchenAppliances,Earthquakes,HandOutlines
BeetleFly,ShapesAll,OSULeaf,SwedishLeaf,Cricket_X,UWaveGestureLibraryAll,Cricket_Z,Cricket_Y,ToeSegmentation1,Worms,WormsTwoClass,uWaveGestureLibrary_X,FaceAll,FaceFour,Symbols,Plane,synthetic_control,ToeSegmentation2,uWaveGestureLibrary_Y,FacesUCR,BirdChicken,yoga,Phoneme,50words,InsectWingbeatSound,WordsSynonyms,MALLAT,uWaveGestureLibrary_Z,SonyAIBORobotSurfaceII,ScreenType,Ham,ElectricDevices,SonyAIBORobotSurface,ECG200,Computers,Beef,ChlorineConcentration,NonInvasiveFatalECG_Thorax2,Car,InlineSkate,DistalPhalanxOutlineAgeGroup,ProximalPhalanxTW,CinC_ECG_torso,DistalPhalanxTW,DistalPhalanxOutlineCorrect,NonInvasiveFatalECG_Thorax1,MiddlePhalanxTW,ProximalPhalanxOutlineAgeGroup,Adiac,DiatomSizeReduction,FISH,MiddlePhalanxOutlineAgeGroup,MiddlePhalanxOutlineCorrect,Herring,ProximalPhalanxOutlineCorrect,PhalangesOutlinesCorrect,Haptics,ECG5000,MedicalImages,StarLightCurves,OliveOil,CBF,MoteStrain,FordB,FordA,Two_Patterns,Wine,TwoLeadECG,Lighting7,Strawberry,Coffee,wafer,ECGFiveDays,RefrigerationDevices,ArrowHead,ItalyPowerDemand,Lighting2,Trace,Gun_Point,Meat,LargeKitchenAppliances,ShapeletSim,HandOutlines,Earthquakes,SmallKitchenAppliances
BirdChicken,ShapesAll,yoga,SwedishLeaf,Plane,OSULeaf,Herring,ToeSegmentation2,uWaveGestureLibrary_X,FISH,Adiac,Car,DiatomSizeReduction,Cricket_X,InlineSkate,Cricket_Z,Cricket_Y,ToeSegmentation1,uWaveGestureLibrary_Z,synthetic_control,UWaveGestureLibraryAll,uWaveGestureLibrary_Y,FacesUCR,SonyAIBORobotSurface,MoteStrain,Worms,Symbols,ECG200,BeetleFly,ElectricDevices,FaceAll,SonyAIBORobotSurfaceII,NonInvasiveFatalECG_Thorax2,WormsTwoClass,DistalPhalanxTW,Beef,NonInvasiveFatalECG_Thorax1,DistalPhalanxOutlineAgeGroup,ScreenType,InsectWingbeatSound,CinC_ECG_torso,DistalPhalanxOutlineCorrect,ECG5000,ProximalPhalanxTW,MiddlePhalanxTW,ProximalPhalanxOutlineAgeGroup,Computers,FaceFour,WordsSynonyms,MiddlePhalanxOutlineAgeGroup,TwoLeadECG,MiddlePhalanxOutlineCorrect,50words,StarLightCurves,ChlorineConcentration,ProximalPhalanxOutlineCorrect,PhalangesOutlinesCorrect,MedicalImages,ItalyPowerDemand,Haptics,ECGFiveDays,CBF,Ham,Two_Patterns,Strawberry,Lighting7,Trace,wafer,Phoneme,Wine,Gun_Point,Lighting2,OliveOil,Meat,ArrowHead,FordB,LargeKitchenAppliances,FordA,Coffee,RefrigerationDevices,MALLAT,ShapeletSim,Earthquakes,SmallKitchenAppliances,HandOutlines
CBF,Gun_Point,ItalyPowerDemand,uWaveGestureLibrary_Z,MedicalImages,DistalPhalanxTW,WordsSynonyms,DistalPhalanxOutlineCorrect,DistalPhalanxOutlineAgeGroup,Lighting7,MiddlePhalanxOutlineAgeGroup,ProximalPhalanxTW,PhalangesOutlinesCorrect,MiddlePhalanxOutlineCorrect,ProximalPhalanxOutlineAgeGroup,50words,ProximalPhalanxOutlineCorrect,MiddlePhalanxTW,MoteStrain,ElectricDevices,Cricket_X,Strawberry,uWaveGestureLibrary_Y,uWaveGestureLibrary_X,Cricket_Z,Coffee,wafer,ECG5000,ToeSegmentation2,Cricket_Y,SonyAIBORobotSurfaceII,InlineSkate,synthetic_control,ScreenType,InsectWingbeatSound,Computers,FaceAll,TwoLeadECG,Symbols,SonyAIBORobotSurface,ShapesAll,Meat,Worms,SwedishLeaf,Beef,Trace,ECG200,Lighting2,FacesUCR,Two_Patterns,StarLightCurves,ToeSegmentation1,Plane,ArrowHead,WormsTwoClass,OSULeaf,ECGFiveDays,Wine,Haptics,LargeKitchenAppliances,yoga,UWaveGestureLibraryAll,Adiac,BirdChicken,BeetleFly,Ham,FaceFour,OliveOil,ChlorineConcentration,MALLAT,DiatomSizeReduction,CinC_ECG_torso,HandOutlines,Phoneme,FordB,FordA,NonInvasiveFatalECG_Thorax2,RefrigerationDevices,FISH,Car,NonInvasiveFatalECG_Thorax1,Herring,ShapeletSim,SmallKitchenAppliances,Earthquakes
Car,ShapesAll,FISH,Adiac,DiatomSizeReduction,SwedishLeaf,Herring,yoga,Plane,OSULeaf,BirdChicken,ToeSegmentation2,InlineSkate,uWaveGestureLibrary_X,uWaveGestureLibrary_Z,Cricket_X,SonyAIBORobotSurface,UWaveGestureLibraryAll,synthetic_control,Cricket_Z,Cricket_Y,NonInvasiveFatalECG_Thorax1,NonInvasiveFatalECG_Thorax2,Worms,WormsTwoClass,uWaveGestureLibrary_Y,SonyAIBORobotSurfaceII,ECG200,ElectricDevices,FacesUCR,FaceAll,BeetleFly,ScreenType,ToeSegmentation1,MoteStrain,DistalPhalanxTW,ECG5000,ChlorineConcentration,DistalPhalanxOutlineAgeGroup,Beef,ProximalPhalanxTW,DistalPhalanxOutlineCorrect,Computers,MiddlePhalanxTW,FaceFour,ProximalPhalanxOutlineAgeGroup,MiddlePhalanxOutlineAgeGroup,50words,WordsSynonyms,MiddlePhalanxOutlineCorrect,CinC_ECG_torso,Haptics,StarLightCurves,TwoLeadECG,ProximalPhalanxOutlineCorrect,MedicalImages,InsectWingbeatSound,PhalangesOutlinesCorrect,Two_Patterns,Symbols,ECGFiveDays,ItalyPowerDemand,CBF,Phoneme,Trace,FordB,FordA,Ham,Strawberry,RefrigerationDevices,wafer,Wine,Lighting7,ShapeletSim,ArrowHead,Gun_Point,Lighting2,MALLAT,OliveOil,LargeKitchenAppliances,Meat,Earthquakes,Coffee,SmallKitchenAppliances,HandOutlines
ChlorineConcentration,MedicalImages,FaceAll,synthetic_control,Cricket_Z,ECG200,ElectricDevices,SwedishLeaf,SonyAIBORobotSurface,uWaveGestureLibrary_Z,OSULeaf,uWaveGestureLibrary_X,Wine,FaceFour,Plane,50words,Cricket_Y,BeetleFly,ShapesAll,SonyAIBORobotSurfaceII,Adiac,BirdChicken,yoga,InsectWingbeatSound,Worms,WormsTwoClass,ScreenType,Symbols,FacesUCR,Cricket_X,UWaveGestureLibraryAll,DiatomSizeReduction,Computers,uWaveGestureLibrary_Y,ToeSegmentation1,FISH,Herring,Car,ToeSegmentation2,InlineSkate,PhalangesOutlinesCorrect,Two_Patterns,DistalPhalanxTW,DistalPhalanxOutlineCorrect,DistalPhalanxOutlineAgeGroup,MiddlePhalanxTW,ProximalPhalanxOutlineCorrect,ProximalPhalanxOutlineAgeGroup,ProximalPhalanxTW,WordsSynonyms,MiddlePhalanxOutlineAgeGroup,MiddlePhalanxOutlineCorrect,MoteStrain,TwoLeadECG,Phoneme,NonInvasiveFatalECG_Thorax2,StarLightCurves,Trace,FordB,CBF,Beef,FordA,RefrigerationDevices,ItalyPowerDemand,ECG5000,wafer,NonInvasiveFatalECG_Thorax1,ECGFiveDays,Strawberry,Lighting7,Meat,Coffee,Gun_Point,Ham,OliveOil,MALLAT,Haptics,CinC_ECG_torso,LargeKitchenAppliances,Lighting2,ArrowHead,Earthquakes,ShapeletSim,SmallKitchenAppliances,HandOutlines
CinC_ECG_torso,Cricket_Y,ECGFiveDays,Beef,SwedishLeaf,OSULeaf,uWaveGestureLibrary_Y,Cricket_X,ShapesAll,uWaveGestureLibrary_Z,yoga,Cricket_Z,BirdChicken,ToeSegmentation1,Symbols,uWaveGestureLibrary_X,ToeSegmentation2,Worms,InlineSkate,50words,TwoLeadECG,StarLightCurves,UWaveGestureLibraryAll,FacesUCR,WormsTwoClass,FaceAll,BeetleFly,WordsSynonyms,MoteStrain,ECG200,SonyAIBORobotSurface,ECG5000,DistalPhalanxOutlineAgeGroup,InsectWingbeatSound,SonyAIBORobotSurfaceII,Ham,DistalPhalanxTW,ProximalPhalanxTW,FaceFour,synthetic_control,Haptics,Adiac,DistalPhalanxOutlineCorrect,Plane,Computers,ProximalPhalanxOutlineAgeGroup,MiddlePhalanxTW,ScreenType,MiddlePhalanxOutlineAgeGroup,MiddlePhalanxOutlineCorrect,ArrowHead,Phoneme,ProximalPhalanxOutlineCorrect,OliveOil,DiatomSizeReduction,PhalangesOutlinesCorrect,NonInvasiveFatalECG_Thorax1,NonInvasiveFatalECG_Thorax2,Two_Patterns,Car,ItalyPowerDemand,ElectricDevices,Strawberry,MALLAT,wafer,CBF,FISH,Herring,Trace,MedicalImages,Wine,Lighting7,ChlorineConcentration,FordB,LargeKitchenAppliances,FordA,Coffee,Lighting2,Gun_Point,RefrigerationDevices,Meat,ShapeletSim,SmallKitchenAppliances,Earthquakes,HandOutlines
Coffee,50words,MedicalImages,DistalPhalanxOutlineCorrect,DistalPhalanxTW,DistalPhalanxOutlineAgeGroup,MiddlePhalanxOutlineCorrect,MiddlePhalanxTW,ProximalPhalanxOutlineAgeGroup,MiddlePhalanxOutlineAgeGroup,uWaveGestureLibrary_Y,ProximalPhalanxTW,PhalangesOutlinesCorrect,ProximalPhalanxOutlineCorrect,ArrowHead,WordsSynonyms,ECG5000,Lighting7,Beef,CBF,Gun_Point,uWaveGestureLibrary_X,uWaveGestureLibrary_Z,MoteStrain,Strawberry,wafer,SonyAIBORobotSurfaceII,Cricket_Z,FacesUCR,ShapesAll,FaceAll,Meat,Cricket_X,ScreenType,Computers,Cricket_Y,synthetic_control,Worms,InlineSkate,WormsTwoClass,ToeSegmentation1,ToeSegmentation2,InsectWingbeatSound,Haptics,ItalyPowerDemand,UWaveGestureLibraryAll,SonyAIBORobotSurface,ElectricDevices,Wine,Lighting2,StarLightCurves,ECG200,Ham,SwedishLeaf,Two_Patterns,OliveOil,Plane,TwoLeadECG,ECGFiveDays,BeetleFly,Symbols,yoga,OSULeaf,FaceFour,MALLAT,ChlorineConcentration,HandOutlines,Adiac,LargeKitchenAppliances,Trace,BirdChicken,CinC_ECG_torso,FordB,Phoneme,FordA,RefrigerationDevices,ShapeletSim,NonInvasiveFatalECG_Thorax2,NonInvasiveFatalECG_Thorax1,DiatomSizeReduction,Earthquakes,SmallKitchenAppliances,FISH,Car,Herring
Computers,InsectWingbeatSound,MedicalImages,ElectricDevices,Cricket_Z,Cricket_X,WordsSynonyms,ScreenType,Lighting7,50words,ToeSegmentation2,uWaveGestureLibrary_Y,CBF,ProximalPhalanxTW,DistalPhalanxOutlineCorrect,DistalPhalanxTW,ToeSegmentation1,PhalangesOutlinesCorrect,ProximalPhalanxOutlineAgeGroup,ProximalPhalanxOutlineCorrect,DistalPhalanxOutlineAgeGroup,MiddlePhalanxTW,MiddlePhalanxOutlineCorrect,Strawberry,MiddlePhalanxOutlineAgeGroup,LargeKitchenAppliances,InlineSkate,SonyAIBORobotSurfaceII,uWaveGestureLibrary_Z,Lighting2,uWaveGestureLibrary_X,FaceAll,StarLightCurves,ShapesAll,SonyAIBORobotSurface,MoteStrain,wafer,Cricket_Y,Plane,Gun_Point,SwedishLeaf,synthetic_control,Two_Patterns,FacesUCR,Ham,ECG200,Worms,Meat,yoga,ItalyPowerDemand,Beef,Adiac,ECG5000,TwoLeadECG,Coffee,OSULeaf,Wine,UWaveGestureLibraryAll,BeetleFly,Symbols,WormsTwoClass,OliveOil,BirdChicken,ArrowHead,ECGFiveDays,ChlorineConcentration,MALLAT,DiatomSizeReduction,Haptics,FaceFour,CinC_ECG_torso,Trace,FISH,RefrigerationDevices,Car,Herring,Phoneme,NonInvasiveFatalECG_Thorax2,FordB,FordA,NonInvasiveFatalECG_Thorax1,SmallKitchenAppliances,Earthquakes,ShapeletSim,HandOutlines
Cricket_X,Cricket_Z,InsectWingbeatSound,WordsSynonyms,Cricket_Y,SwedishLeaf,uWaveGestureLibrary_X,ToeSegmentation1,ShapesAll,50words,uWaveGestureLibrary_Y,ToeSegmentation2,ECG200,Symbols,Strawberry,MedicalImages,yoga,StarLightCurves,DistalPhalanxTW,Plane,uWaveGestureLibrary_Z,DistalPhalanxOutlineAgeGroup,ProximalPhalanxTW,MiddlePhalanxTW,DistalPhalanxOutlineCorrect,ProximalPhalanxOutlineAgeGroup,OSULeaf,Adiac,BirdChicken,SonyAIBORobotSurface,MiddlePhalanxOutlineAgeGroup,FaceAll,MiddlePhalanxOutlineCorrect,MoteStrain,CBF,InlineSkate,ProximalPhalanxOutlineCorrect,Lighting7,BeetleFly,synthetic_control,SonyAIBORobotSurfaceII,Beef,FacesUCR,ECG5000,ElectricDevices,PhalangesOutlinesCorrect,wafer,UWaveGestureLibraryAll,Worms,WormsTwoClass,Gun_Point,DiatomSizeReduction,Ham,Trace,ScreenType,Computers,ItalyPowerDemand,TwoLeadECG,Lighting2,Car,OliveOil,MALLAT,Two_Patterns,FISH,Meat,FaceFour,ArrowHead,Herring,Wine,ECGFiveDays,Haptics,CinC_ECG_torso,LargeKitchenAppliances,Phoneme,Coffee,NonInvasiveFatalECG_Thorax2,NonInvasiveFatalECG_Thorax1,ChlorineConcentration,RefrigerationDevices,SmallKitchenAppliances,FordB,FordA,ShapeletSim,Earthquakes,HandOutlines
Cricket_Y,uWaveGestureLibrary_Y,Cricket_X,Cricket_Z,uWaveGestureLibrary_Z,uWaveGestureLibrary_X,ShapesAll,ECG5000,SwedishLeaf,ToeSegmentation2,SonyAIBORobotSurface,50words,ECG200,ToeSegmentation1,synthetic_control,OSULeaf,TwoLeadECG,yoga,DistalPhalanxOutlineAgeGroup,DistalPhalanxTW,Plane,MoteStrain,DistalPhalanxOutlineCorrect,ProximalPhalanxTW,ProximalPhalanxOutlineAgeGroup,Symbols,FacesUCR,ProximalPhalanxOutlineCorrect,MiddlePhalanxTW,FaceAll,MiddlePhalanxOutlineAgeGroup,MiddlePhalanxOutlineCorrect,PhalangesOutlinesCorrect,BirdChicken,Beef,WordsSynonyms,InlineSkate,ItalyPowerDemand,BeetleFly,UWaveGestureLibraryAll,wafer,Worms,WormsTwoClass,Adiac,MedicalImages,CBF,InsectWingbeatSound,ElectricDevices,StarLightCurves,SonyAIBORobotSurfaceII,Trace,MALLAT,Two_Patterns,CinC_ECG_torso,ScreenType,DiatomSizeReduction,ECGFiveDays,OliveOil,FaceFour,Gun_Point,Strawberry,Haptics,ArrowHead,Ham,Computers,Lighting7,Car,Phoneme,FISH,Wine,Herring,Coffee,NonInvasiveFatalECG_Thorax1,ChlorineConcentration,NonInvasiveFatalECG_Thorax2,Lighting2,Meat,LargeKitchenAppliances,RefrigerationDevices,FordB,FordA,ShapeletSim,Earthquakes,SmallKitchenAppliances,HandOutlines
Cricket_Z,Cricket_X,InsectWingbeatSound,Cricket_Y,ShapesAll,WordsSynonyms,ToeSegmentation1,ToeSegmentation2,uWaveGestureLibrary_X,SwedishLeaf,50words,ProximalPhalanxTW,uWaveGestureLibrary_Z,DistalPhalanxTW,ECG200,Symbols,StarLightCurves,uWaveGestureLibrary_Y,ProximalPhalanxOutlineAgeGroup,DistalPhalanxOutlineAgeGroup,MiddlePhalanxTW,DistalPhalanxOutlineCorrect,MedicalImages,Strawberry,MiddlePhalanxOutlineCorrect,MiddlePhalanxOutlineAgeGroup,InlineSkate,SonyAIBORobotSurface,ProximalPhalanxOutlineCorrect,Lighting7,yoga,Plane,MoteStrain,PhalangesOutlinesCorrect,OSULeaf,BirdChicken,synthetic_control,FaceAll,ECG5000,ElectricDevices,FacesUCR,Worms,Beef,CBF,BeetleFly,SonyAIBORobotSurfaceII,TwoLeadECG,Adiac,Computers,Trace,ScreenType,Ham,Lighting2,MALLAT,wafer,WormsTwoClass,UWaveGestureLibraryAll,Gun_Point,OliveOil,ItalyPowerDemand,DiatomSizeReduction,Wine,Two_Patterns,Meat,ArrowHead,Haptics,Car,FaceFour,ChlorineConcentration,Coffee,ECGFiveDays,FISH,LargeKitchenAppliances,Herring,CinC_ECG_torso,Phoneme,NonInvasiveFatalECG_Thorax1,NonInvasiveFatalECG_Thorax2,RefrigerationDevices,SmallKitchenAppliances,FordB,FordA,ShapeletSim,Earthquakes,HandOutlines
DiatomSizeReduction,ShapesAll,Adiac,SwedishLeaf,FISH,Car,Herring,yoga,Plane,OSULeaf,BirdChicken,InlineSkate,ToeSegmentation2,uWaveGestureLibrary_X,uWaveGestureLibrary_Z,Cricket_X,SonyAIBORobotSurface,NonInvasiveFatalECG_Thorax1,NonInvasiveFatalECG_Thorax2,synthetic_control,Cricket_Z,UWaveGestureLibraryAll,Cricket_Y,Worms,uWaveGestureLibrary_Y,ElectricDevices,ECG200,FacesUCR,MoteStrain,WormsTwoClass,ScreenType,SonyAIBORobotSurfaceII,FaceAll,ECG5000,ToeSegmentation1,StarLightCurves,DistalPhalanxTW,ChlorineConcentration,BeetleFly,Computers,DistalPhalanxOutlineAgeGroup,Beef,MedicalImages,InsectWingbeatSound,ProximalPhalanxTW,TwoLeadECG,DistalPhalanxOutlineCorrect,MiddlePhalanxTW,WordsSynonyms,ItalyPowerDemand,ProximalPhalanxOutlineAgeGroup,MiddlePhalanxOutlineAgeGroup,50words,MiddlePhalanxOutlineCorrect,Symbols,Haptics,ProximalPhalanxOutlineCorrect,FaceFour,Two_Patterns,PhalangesOutlinesCorrect,CinC_ECG_torso,ECGFiveDays,Trace,CBF,Strawberry,Lighting7,Wine,wafer,Phoneme,Ham,Gun_Point,Lighting2,FordB,FordA,RefrigerationDevices,LargeKitchenAppliances,ArrowHead,Meat,ShapeletSim,Coffee,OliveOil,Earthquakes,MALLAT,SmallKitchenAppliances,HandOutlines
DistalPhalanxOutlineAgeGroup,DistalPhalanxTW,PhalangesOutlinesCorrect,DistalPhalanxOutlineCorrect,MiddlePhalanxTW,MiddlePhalanxOutlineAgeGroup,MiddlePhalanxOutlineCorrect,ProximalPhalanxOutlineCorrect,ProximalPhalanxTW,ProximalPhalanxOutlineAgeGroup,uWaveGestureLibrary_Y,50words,MedicalImages,WordsSynonyms,uWaveGestureLibrary_X,uWaveGestureLibrary_Z,wafer,MoteStrain,ShapesAll,Gun_Point,synthetic_control,SonyAIBORobotSurface,ToeSegmentation2,Coffee,Cricket_Z,Cricket_X,ArrowHead,CBF,ItalyPowerDemand,Cricket_Y,yoga,Worms,ElectricDevices,Beef,ToeSegmentation1,Lighting7,InsectWingbeatSound,SonyAIBORobotSurfaceII,StarLightCurves,ECG5000,Strawberry,ScreenType,SwedishLeaf,FaceAll,Plane,ECG200,Adiac,WormsTwoClass,FacesUCR,Two_Patterns,OSULeaf,Computers,InlineSkate,Wine,TwoLeadECG,Meat,BirdChicken,Symbols,ECGFiveDays,Haptics,OliveOil,Trace,Lighting2,UWaveGestureLibraryAll,BeetleFly,Ham,DiatomSizeReduction,CinC_ECG_torso,Car,MALLAT,ChlorineConcentration,FISH,FaceFour,Herring,NonInvasiveFatalECG_Thorax2,LargeKitchenAppliances,NonInvasiveFatalECG_Thorax1,Phoneme,FordB,FordA,RefrigerationDevices,ShapeletSim,HandOutlines,SmallKitchenAppliances,Earthquakes
DistalPhalanxOutlineCorrect,DistalPhalanxOutlineAgeGroup,DistalPhalanxTW,PhalangesOutlinesCorrect,MiddlePhalanxOutlineAgeGroup,MiddlePhalanxTW,MiddlePhalanxOutlineCorrect,ProximalPhalanxTW,ProximalPhalanxOutlineCorrect,ProximalPhalanxOutlineAgeGroup,uWaveGestureLibrary_Y,50words,uWaveGestureLibrary_X,WordsSynonyms,MedicalImages,uWaveGestureLibrary_Z,wafer,MoteStrain,Gun_Point,synthetic_control,ShapesAll,Coffee,ArrowHead,SonyAIBORobotSurface,Cricket_Z,CBF,Cricket_X,ItalyPowerDemand,ToeSegmentation2,Cricket_Y,Beef,ElectricDevices,Worms,Lighting7,ToeSegmentation1,yoga,InsectWingbeatSound,SonyAIBORobotSurfaceII,Strawberry,ECG5000,ScreenType,StarLightCurves,FaceAll,Computers,Plane,ECG200,SwedishLeaf,Wine,InlineSkate,Two_Patterns,Adiac,WormsTwoClass,FacesUCR,OSULeaf,Meat,TwoLeadECG,BirdChicken,ECGFiveDays,OliveOil,Symbols,Haptics,Lighting2,BeetleFly,UWaveGestureLibraryAll,Ham,Trace,MALLAT,ChlorineConcentration,DiatomSizeReduction,CinC_ECG_torso,Car,FaceFour,FISH,LargeKitchenAppliances,NonInvasiveFatalECG_Thorax2,Herring,NonInvasiveFatalECG_Thorax1,Phoneme,FordB,FordA,RefrigerationDevices,ShapeletSim,SmallKitchenAppliances,Earthquakes,HandOutlines
DistalPhalanxTW,MiddlePhalanxTW,DistalPhalanxOutlineAgeGroup,DistalPhalanxOutlineCorrect,MiddlePhalanxOutlineAgeGroup,MiddlePhalanxOutlineCorrect,ProximalPhalanxTW,ProximalPhalanxOutlineCorrect,ProximalPhalanxOutlineAgeGroup,PhalangesOutlinesCorrect,50words,uWaveGestureLibrary_Y,MedicalImages,uWaveGestureLibrary_X,WordsSynonyms,uWaveGestureLibrary_Z,MoteStrain,wafer,ShapesAll,synthetic_control,Gun_Point,SonyAIBORobotSurface,Cricket_Z,Coffee,Cricket_X,ToeSegmentation2,CBF,ArrowHead,Cricket_Y,ItalyPowerDemand,Worms,ToeSegmentation1,Beef,yoga,ElectricDevices,Lighting7,SonyAIBORobotSurfaceII,InsectWingbeatSound,StarLightCurves,Strawberry,FaceAll,ECG5000,ScreenType,SwedishLeaf,Plane,OSULeaf,Adiac,FacesUCR,ECG200,Computers,WormsTwoClass,Two_Patterns,InlineSkate,Wine,TwoLeadECG,Meat,BirdChicken,Symbols,Haptics,UWaveGestureLibraryAll,ECGFiveDays,OliveOil,Trace,Lighting2,DiatomSizeReduction,BeetleFly,Ham,Car,CinC_ECG_torso,FISH,MALLAT,ChlorineConcentration,FaceFour,Herring,NonInvasiveFatalECG_Thorax2,LargeKitchenAppliances,NonInvasiveFatalECG_Thorax1,Phoneme,FordB,FordA,RefrigerationDevices,HandOutlines,ShapeletSim,SmallKitchenAppliances,Earthquakes
ECG200,uWaveGestureLibrary_Z,Trace,ShapesAll,StarLightCurves,uWaveGestureLibrary_Y,TwoLeadECG,SonyAIBORobotSurface,Cricket_X,Cricket_Z,Cricket_Y,uWaveGestureLibrary_X,InlineSkate,ItalyPowerDemand,yoga,MedicalImages,ElectricDevices,FaceAll,Symbols,synthetic_control,50words,SwedishLeaf,MoteStrain,SonyAIBORobotSurfaceII,ToeSegmentation2,Adiac,Beef,Worms,ProximalPhalanxTW,DistalPhalanxOutlineAgeGroup,ECG5000,Plane,ProximalPhalanxOutlineAgeGroup,DistalPhalanxTW,DistalPhalanxOutlineCorrect,MiddlePhalanxTW,ProximalPhalanxOutlineCorrect,MiddlePhalanxOutlineAgeGroup,MiddlePhalanxOutlineCorrect,PhalangesOutlinesCorrect,ScreenType,BirdChicken,OSULeaf,CBF,ToeSegmentation1,InsectWingbeatSound,ECGFiveDays,Two_Patterns,wafer,FacesUCR,Gun_Point,ChlorineConcentration,Computers,Lighting7,WordsSynonyms,Strawberry,DiatomSizeReduction,WormsTwoClass,BeetleFly,Car,Haptics,FISH,Herring,ArrowHead,CinC_ECG_torso,Wine,UWaveGestureLibraryAll,Coffee,Lighting2,FaceFour,NonInvasiveFatalECG_Thorax1,Ham,NonInvasiveFatalECG_Thorax2,Phoneme,MALLAT,OliveOil,LargeKitchenAppliances,Meat,RefrigerationDevices,FordB,FordA,ShapeletSim,Earthquakes,SmallKitchenAppliances,HandOutlines
ECG5000,Cricket_Y,TwoLeadECG,MoteStrain,MedicalImages,Trace,Cricket_Z,uWaveGestureLibrary_X,Gun_Point,uWaveGestureLibrary_Y,ECGFiveDays,50words,Coffee,ItalyPowerDemand,synthetic_control,Cricket_X,uWaveGestureLibrary_Z,WordsSynonyms,ShapesAll,SonyAIBORobotSurface,DistalPhalanxOutlineCorrect,CBF,DistalPhalanxOutlineAgeGroup,DistalPhalanxTW,ArrowHead,MiddlePhalanxOutlineAgeGroup,MiddlePhalanxOutlineCorrect,MiddlePhalanxTW,SwedishLeaf,ToeSegmentation2,PhalangesOutlinesCorrect,ProximalPhalanxOutlineAgeGroup,ProximalPhalanxTW,Plane,ProximalPhalanxOutlineCorrect,Symbols,ECG200,SonyAIBORobotSurfaceII,ElectricDevices,Lighting7,Adiac,Worms,Beef,FacesUCR,OSULeaf,InlineSkate,wafer,FaceAll,NonInvasiveFatalECG_Thorax2,Strawberry,ScreenType,ToeSegmentation1,Haptics,UWaveGestureLibraryAll,Computers,Wine,BirdChicken,yoga,WormsTwoClass,InsectWingbeatSound,Two_Patterns,StarLightCurves,DiatomSizeReduction,Meat,Herring,Lighting2,OliveOil,Car,NonInvasiveFatalECG_Thorax1,CinC_ECG_torso,BeetleFly,FISH,FaceFour,Ham,HandOutlines,ChlorineConcentration,MALLAT,LargeKitchenAppliances,Phoneme,FordB,FordA,RefrigerationDevices,ShapeletSim,SmallKitchenAppliances,Earthquakes
ECGFiveDays,ECG5000,TwoLeadECG,Cricket_Y,FacesUCR,ECG200,CinC_ECG_torso,ItalyPowerDemand,Cricket_X,SonyAIBORobotSurfaceII,uWaveGestureLibrary_Y,SonyAIBORobotSurface,Cricket_Z,uWaveGestureLibrary_X,FaceAll,MoteStrain,uWaveGestureLibrary_Z,SwedishLeaf,ShapesAll,wafer,ToeSegmentation2,Two_Patterns,ElectricDevices,ProximalPhalanxTW,MedicalImages,WordsSynonyms,synthetic_control,ProximalPhalanxOutlineAgeGroup,CBF,50words,DistalPhalanxTW,DistalPhalanxOutlineAgeGroup,MiddlePhalanxTW,ProximalPhalanxOutlineCorrect,Symbols,MiddlePhalanxOutlineAgeGroup,DistalPhalanxOutlineCorrect,MiddlePhalanxOutlineCorrect,InsectWingbeatSound,Beef,PhalangesOutlinesCorrect,Plane,Trace,Lighting7,yoga,ScreenType,Computers,ToeSegmentation1,Worms,Gun_Point,Adiac,Strawberry,InlineSkate,Haptics,BirdChicken,OSULeaf,StarLightCurves,Lighting2,NonInvasiveFatalECG_Thorax1,Wine,LargeKitchenAppliances,ArrowHead,Ham,Meat,FaceFour,WormsTwoClass,UWaveGestureLibraryAll,Coffee,DiatomSizeReduction,NonInvasiveFatalECG_Thorax2,ChlorineConcentration,BeetleFly,OliveOil,Car,FISH,Herring,Phoneme,MALLAT,FordB,FordA,RefrigerationDevices,SmallKitchenAppliances,ShapeletSim,Earthquakes,HandOutlines
Earthquakes,RefrigerationDevices,ShapeletSim,ElectricDevices,FaceAll,WordsSynonyms,FacesUCR,ScreenType,Computers,50words,ChlorineConcentration,synthetic_control,Cricket_X,Ham,Cricket_Z,Phoneme,SonyAIBORobotSurfaceII,FordB,Two_Patterns,ToeSegmentation1,InsectWingbeatSound,ToeSegmentation2,WormsTwoClass,FordA,CBF,SonyAIBORobotSurface,Cricket_Y,uWaveGestureLibrary_X,FaceFour,SwedishLeaf,MedicalImages,Lighting7,Worms,uWaveGestureLibrary_Z,DistalPhalanxTW,ShapesAll,DistalPhalanxOutlineAgeGroup,DistalPhalanxOutlineCorrect,ECG200,ProximalPhalanxTW,uWaveGestureLibrary_Y,ProximalPhalanxOutlineAgeGroup,UWaveGestureLibraryAll,ProximalPhalanxOutlineCorrect,MiddlePhalanxTW,MiddlePhalanxOutlineAgeGroup,BeetleFly,OSULeaf,MiddlePhalanxOutlineCorrect,MoteStrain,PhalangesOutlinesCorrect,LargeKitchenAppliances,Beef,ItalyPowerDemand,Wine,Strawberry,Plane,Lighting2,StarLightCurves,BirdChicken,Gun_Point,TwoLeadECG,yoga,wafer,Symbols,ECGFiveDays,ECG5000,OliveOil,Adiac,ArrowHead,Meat,InlineSkate,Coffee,MALLAT,DiatomSizeReduction,Trace,NonInvasiveFatalECG_Thorax2,FISH,SmallKitchenAppliances,CinC_ECG_torso,Herring,NonInvasiveFatalECG_Thorax1,Car,Haptics,HandOutlines
ElectricDevices,MedicalImages,WordsSynonyms,ItalyPowerDemand,synthetic_control,50words,uWaveGestureLibrary_Y,ProximalPhalanxOutlineAgeGroup,ProximalPhalanxTW,ProximalPhalanxOutlineCorrect,Gun_Point,uWaveGestureLibrary_Z,MiddlePhalanxOutlineAgeGroup,MoteStrain,CBF,MiddlePhalanxTW,MiddlePhalanxOutlineCorrect,DistalPhalanxTW,DistalPhalanxOutlineAgeGroup,DistalPhalanxOutlineCorrect,SonyAIBORobotSurfaceII,PhalangesOutlinesCorrect,Lighting7,Cricket_Z,ToeSegmentation2,uWaveGestureLibrary_X,ECG200,InlineSkate,Cricket_X,TwoLeadECG,ScreenType,InsectWingbeatSound,wafer,Computers,FacesUCR,SwedishLeaf,SonyAIBORobotSurface,FaceAll,LargeKitchenAppliances,Cricket_Y,Strawberry,Plane,Adiac,Two_Patterns,ECG5000,ToeSegmentation1,ShapesAll,Trace,yoga,Lighting2,Symbols,BirdChicken,Beef,ChlorineConcentration,OSULeaf,DiatomSizeReduction,Wine,Worms,ArrowHead,ECGFiveDays,StarLightCurves,BeetleFly,Ham,FaceFour,WormsTwoClass,UWaveGestureLibraryAll,RefrigerationDevices,Coffee,FISH,Herring,Car,Meat,OliveOil,FordB,MALLAT,FordA,Haptics,SmallKitchenAppliances,Phoneme,NonInvasiveFatalECG_Thorax2,NonInvasiveFatalECG_Thorax1,CinC_ECG_torso,ShapeletSim,Earthquakes,HandOutlines
FISH,ShapesAll,Adiac,DiatomSizeReduction,Car,SwedishLeaf,Herring,Plane,yoga,OSULeaf,BirdChicken,InlineSkate,ToeSegmentation2,uWaveGestureLibrary_X,uWaveGestureLibrary_Z,Cricket_X,SonyAIBORobotSurface,UWaveGestureLibraryAll,NonInvasiveFatalECG_Thorax1,NonInvasiveFatalECG_Thorax2,synthetic_control,Cricket_Z,Cricket_Y,Worms,WormsTwoClass,uWaveGestureLibrary_Y,ElectricDevices,FacesUCR,FaceAll,ScreenType,ECG200,SonyAIBORobotSurfaceII,BeetleFly,ChlorineConcentration,ToeSegmentation1,MoteStrain,ECG5000,DistalPhalanxTW,DistalPhalanxOutlineAgeGroup,Computers,ProximalPhalanxTW,FaceFour,DistalPhalanxOutlineCorrect,MiddlePhalanxTW,Beef,ProximalPhalanxOutlineAgeGroup,InsectWingbeatSound,WordsSynonyms,MedicalImages,MiddlePhalanxOutlineAgeGroup,50words,TwoLeadECG,Symbols,MiddlePhalanxOutlineCorrect,StarLightCurves,Haptics,ProximalPhalanxOutlineCorrect,ItalyPowerDemand,Two_Patterns,PhalangesOutlinesCorrect,CinC_ECG_torso,ECGFiveDays,CBF,Trace,Phoneme,FordB,FordA,Lighting7,Strawberry,Ham,Wine,wafer,RefrigerationDevices,Gun_Point,Lighting2,ShapeletSim,LargeKitchenAppliances,ArrowHead,Meat,Earthquakes,Coffee,OliveOil,MALLAT,SmallKitchenAppliances,HandOutlines
FaceAll,synthetic_control,FacesUCR,SonyAIBORobotSurfaceII,Cricket_X,uWaveGestureLibrary_Z,Cricket_Y,Cricket_Z,50words,ToeSegmentation1,SwedishLeaf,SonyAIBORobotSurface,WordsSynonyms,ECG200,uWaveGestureLibrary_Y,uWaveGestureLibrary_X,ShapesAll,DistalPhalanxTW,ToeSegmentation2,Two_Patterns,ElectricDevices,Symbols,InsectWingbeatSound,BeetleFly,Ham,DistalPhalanxOutlineAgeGroup,WormsTwoClass,OSULeaf,MALLAT,ArrowHead,MedicalImages,ProximalPhalanxTW,ProximalPhalanxOutlineAgeGroup,DistalPhalanxOutlineCorrect,ProximalPhalanxOutlineCorrect,Worms,MiddlePhalanxTW,CBF,PhalangesOutlinesCorrect,MiddlePhalanxOutlineCorrect,MiddlePhalanxOutlineAgeGroup,Plane,UWaveGestureLibraryAll,ScreenType,Adiac,yoga,MoteStrain,ItalyPowerDemand,ChlorineConcentration,wafer,Beef,Computers,TwoLeadECG,BirdChicken,ECG5000,Lighting7,StarLightCurves,ECGFiveDays,Strawberry,InlineSkate,Gun_Point,FaceFour,Coffee,OliveOil,Phoneme,Trace,Wine,Haptics,DiatomSizeReduction,FordB,FordA,Meat,Car,CinC_ECG_torso,Lighting2,FISH,RefrigerationDevices,LargeKitchenAppliances,NonInvasiveFatalECG_Thorax1,Herring,NonInvasiveFatalECG_Thorax2,HandOutlines,ShapeletSim,Earthquakes,SmallKitchenAppliances
FaceFour,ShapesAll,BeetleFly,OSULeaf,Cricket_X,SwedishLeaf,Cricket_Y,Cricket_Z,synthetic_control,FacesUCR,Plane,FaceAll,uWaveGestureLibrary_X,ToeSegmentation1,Worms,WormsTwoClass,Symbols,ElectricDevices,UWaveGestureLibraryAll,ChlorineConcentration,BirdChicken,SonyAIBORobotSurface,SonyAIBORobotSurfaceII,Phoneme,ToeSegmentation2,uWaveGestureLibrary_Z,yoga,50words,ScreenType,Ham,Two_Patterns,uWaveGestureLibrary_Y,InsectWingbeatSound,FordB,WordsSynonyms,FordA,NonInvasiveFatalECG_Thorax2,Computers,NonInvasiveFatalECG_Thorax1,CinC_ECG_torso,ECG5000,DistalPhalanxTW,Beef,ECG200,CBF,InlineSkate,DistalPhalanxOutlineAgeGroup,MoteStrain,MALLAT,Adiac,MedicalImages,DistalPhalanxOutlineCorrect,Herring,ECGFiveDays,FISH,DiatomSizeReduction,RefrigerationDevices,TwoLeadECG,Car,MiddlePhalanxTW,MiddlePhalanxOutlineAgeGroup,MiddlePhalanxOutlineCorrect,ProximalPhalanxTW,ProximalPhalanxOutlineAgeGroup,ProximalPhalanxOutlineCorrect,PhalangesOutlinesCorrect,StarLightCurves,Wine,OliveOil,wafer,Strawberry,Lighting7,ItalyPowerDemand,Haptics,LargeKitchenAppliances,Coffee,Trace,Meat,ArrowHead,Gun_Point,Lighting2,ShapeletSim,Earthquakes,SmallKitchenAppliances,HandOutlines
FacesUCR,synthetic_control,FaceAll,SonyAIBORobotSurface,Cricket_Y,uWaveGestureLibrary_X,SwedishLeaf,SonyAIBORobotSurfaceII,Cricket_Z,ToeSegmentation1,Cricket_X,WordsSynonyms,Two_Patterns,50words,Symbols,ElectricDevices,MedicalImages,ToeSegmentation2,BirdChicken,OSULeaf,ShapesAll,uWaveGestureLibrary_Y,yoga,InsectWingbeatSound,uWaveGestureLibrary_Z,MoteStrain,Beef,DistalPhalanxTW,Adiac,DistalPhalanxOutlineAgeGroup,ScreenType,TwoLeadECG,Worms,WormsTwoClass,Plane,ECG5000,BeetleFly,ECGFiveDays,ProximalPhalanxTW,DistalPhalanxOutlineCorrect,UWaveGestureLibraryAll,ProximalPhalanxOutlineAgeGroup,ProximalPhalanxOutlineCorrect,MiddlePhalanxTW,wafer,MiddlePhalanxOutlineCorrect,PhalangesOutlinesCorrect,MiddlePhalanxOutlineAgeGroup,Ham,CBF,ECG200,MALLAT,Computers,ItalyPowerDemand,ArrowHead,FaceFour,Strawberry,Coffee,OliveOil,Lighting7,StarLightCurves,DiatomSizeReduction,Meat,InlineSkate,Wine,Gun_Point,Trace,CinC_ECG_torso,Car,FISH,FordB,FordA,Herring,ChlorineConcentration,Phoneme,LargeKitchenAppliances,Haptics,Lighting2,RefrigerationDevices,NonInvasiveFatalECG_Thorax2,NonInvasiveFatalECG_Thorax1,HandOutlines,ShapeletSim,Earthquakes,SmallKitchenAppliances
FordA,FordB,Phoneme,Worms,RefrigerationDevices,FaceAll,WormsTwoClass,UWaveGestureLibraryAll,FacesUCR,ElectricDevices,WordsSynonyms,50words,FaceFour,synthetic_control,BeetleFly,ShapesAll,ChlorineConcentration,ScreenType,Ham,OSULeaf,Cricket_X,Cricket_Y,Cricket_Z,Computers,Two_Patterns,ToeSegmentation1,SwedishLeaf,CBF,uWaveGestureLibrary_X,SonyAIBORobotSurfaceII,uWaveGestureLibrary_Z,SonyAIBORobotSurface,ToeSegmentation2,uWaveGestureLibrary_Y,Lighting7,MALLAT,Symbols,Plane,InsectWingbeatSound,BirdChicken,Beef,InlineSkate,yoga,DistalPhalanxTW,ECG200,DistalPhalanxOutlineAgeGroup,CinC_ECG_torso,MoteStrain,DistalPhalanxOutlineCorrect,ShapeletSim,ECG5000,Haptics,TwoLeadECG,ProximalPhalanxTW,ProximalPhalanxOutlineAgeGroup,ProximalPhalanxOutlineCorrect,MiddlePhalanxTW,MedicalImages,MiddlePhalanxOutlineAgeGroup,PhalangesOutlinesCorrect,MiddlePhalanxOutlineCorrect,Adiac,Strawberry,ECGFiveDays,Coffee,ArrowHead,wafer,ItalyPowerDemand,DiatomSizeReduction,Wine,StarLightCurves,Gun_Point,Car,Trace,OliveOil,FISH,Herring,Lighting2,Meat,NonInvasiveFatalECG_Thorax2,NonInvasiveFatalECG_Thorax1,Earthquakes,LargeKitchenAppliances,HandOutlines,SmallKitchenAppliances
FordB,FordA,Phoneme,Worms,FaceAll,RefrigerationDevices,WormsTwoClass,UWaveGestureLibraryAll,ElectricDevices,FacesUCR,WordsSynonyms,50words,synthetic_control,FaceFour,BeetleFly,ShapesAll,ChlorineConcentration,ScreenType,Ham,OSULeaf,Cricket_Y,Cricket_X,Cricket_Z,Computers,Two_Patterns,ToeSegmentation1,CBF,SwedishLeaf,uWaveGestureLibrary_X,SonyAIBORobotSurfaceII,SonyAIBORobotSurface,ToeSegmentation2,Lighting7,uWaveGestureLibrary_Y,uWaveGestureLibrary_Z,MALLAT,Plane,Symbols,DistalPhalanxTW,InsectWingbeatSound,BirdChicken,yoga,Beef,InlineSkate,DistalPhalanxOutlineAgeGroup,CinC_ECG_torso,MoteStrain,ECG200,DistalPhalanxOutlineCorrect,ECG5000,TwoLeadECG,ProximalPhalanxOutlineCorrect,PhalangesOutlinesCorrect,MiddlePhalanxTW,ProximalPhalanxOutlineAgeGroup,ProximalPhalanxTW,MiddlePhalanxOutlineAgeGroup,MiddlePhalanxOutlineCorrect,MedicalImages,ShapeletSim,Haptics,ItalyPowerDemand,Adiac,Strawberry,wafer,ArrowHead,Gun_Point,ECGFiveDays,Coffee,StarLightCurves,DiatomSizeReduction,Wine,OliveOil,Trace,Lighting2,Car,Herring,FISH,Meat,NonInvasiveFatalECG_Thorax2,NonInvasiveFatalECG_Thorax1,Earthquakes,LargeKitchenAppliances,HandOutlines,SmallKitchenAppliances
Gun_Point,uWaveGestureLibrary_Y,MoteStrain,50words,uWaveGestureLibrary_Z,MedicalImages,uWaveGestureLibrary_X,WordsSynonyms,PhalangesOutlinesCorrect,MiddlePhalanxOutlineAgeGroup,CBF,DistalPhalanxOutlineAgeGroup,DistalPhalanxOutlineCorrect,ProximalPhalanxOutlineCorrect,MiddlePhalanxTW,ProximalPhalanxTW,ItalyPowerDemand,ProximalPhalanxOutlineAgeGroup,DistalPhalanxTW,MiddlePhalanxOutlineCorrect,Strawberry,Lighting7,ElectricDevices,ECG5000,Cricket_X,Coffee,ToeSegmentation2,InlineSkate,Cricket_Z,Worms,wafer,Beef,Meat,SonyAIBORobotSurfaceII,Cricket_Y,ScreenType,InsectWingbeatSound,synthetic_control,Computers,ECG200,SonyAIBORobotSurface,TwoLeadECG,Symbols,FaceAll,Haptics,Lighting2,WormsTwoClass,FacesUCR,Plane,Two_Patterns,SwedishLeaf,ShapesAll,ArrowHead,ECGFiveDays,ToeSegmentation1,StarLightCurves,Trace,Wine,OSULeaf,Adiac,Ham,LargeKitchenAppliances,yoga,BirdChicken,ChlorineConcentration,OliveOil,BeetleFly,FaceFour,NonInvasiveFatalECG_Thorax2,DiatomSizeReduction,FordB,UWaveGestureLibraryAll,CinC_ECG_torso,NonInvasiveFatalECG_Thorax1,FordA,Phoneme,HandOutlines,RefrigerationDevices,SmallKitchenAppliances,ShapeletSim,FISH,Herring,MALLAT,Earthquakes,Car
Ham,WordsSynonyms,Cricket_X,50words,Cricket_Z,FaceAll,InsectWingbeatSound,ToeSegmentation2,ToeSegmentation1,UWaveGestureLibraryAll,SonyAIBORobotSurfaceII,FacesUCR,Cricket_Y,ScreenType,MALLAT,Computers,OliveOil,uWaveGestureLibrary_X,uWaveGestureLibrary_Y,Worms,WormsTwoClass,Beef,BeetleFly,ElectricDevices,Lighting7,StarLightCurves,uWaveGestureLibrary_Z,ShapesAll,yoga,synthetic_control,Lighting2,OSULeaf,Symbols,SwedishLeaf,SonyAIBORobotSurface,Haptics,DistalPhalanxTW,LargeKitchenAppliances,FaceFour,DistalPhalanxOutlineAgeGroup,DistalPhalanxOutlineCorrect,ProximalPhalanxOutlineAgeGroup,ProximalPhalanxTW,ProximalPhalanxOutlineCorrect,PhalangesOutlinesCorrect,MiddlePhalanxTW,MiddlePhalanxOutlineCorrect,MiddlePhalanxOutlineAgeGroup,CBF,BirdChicken,CinC_ECG_torso,InlineSkate,ArrowHead,Coffee,Strawberry,ECG5000,Two_Patterns,ECG200,MedicalImages,RefrigerationDevices,ECGFiveDays,ItalyPowerDemand,wafer,FordB,MoteStrain,Plane,Phoneme,Gun_Point,Meat,FordA,Wine,TwoLeadECG,Adiac,Trace,ChlorineConcentration,DiatomSizeReduction,NonInvasiveFatalECG_Thorax2,SmallKitchenAppliances,Herring,Car,FISH,Earthquakes,NonInvasiveFatalECG_Thorax1,ShapeletSim,HandOutlines
HandOutlines,50words,WordsSynonyms,ArrowHead,Haptics,WormsTwoClass,ECG5000,Worms,MedicalImages,UWaveGestureLibraryAll,Lighting7,CBF,Coffee,FaceAll,FacesUCR,ShapesAll,uWaveGestureLibrary_Y,DistalPhalanxTW,Gun_Point,synthetic_control,uWaveGestureLibrary_X,SonyAIBORobotSurface,DistalPhalanxOutlineAgeGroup,Cricket_Z,BeetleFly,Cricket_Y,MoteStrain,Cricket_X,ProximalPhalanxTW,MALLAT,uWaveGestureLibrary_Z,DistalPhalanxOutlineCorrect,ToeSegmentation1,ProximalPhalanxOutlineAgeGroup,MiddlePhalanxTW,Plane,SwedishLeaf,FordA,wafer,MiddlePhalanxOutlineAgeGroup,SonyAIBORobotSurfaceII,FordB,MiddlePhalanxOutlineCorrect,Lighting2,ProximalPhalanxOutlineCorrect,Computers,ToeSegmentation2,PhalangesOutlinesCorrect,OSULeaf,ScreenType,Ham,StarLightCurves,FaceFour,Phoneme,Strawberry,Beef,ElectricDevices,OliveOil,Adiac,ShapeletSim,ItalyPowerDemand,Symbols,NonInvasiveFatalECG_Thorax1,ECG200,InsectWingbeatSound,RefrigerationDevices,Wine,Meat,InlineSkate,BirdChicken,NonInvasiveFatalECG_Thorax2,ChlorineConcentration,Two_Patterns,ECGFiveDays,CinC_ECG_torso,TwoLeadECG,yoga,DiatomSizeReduction,Trace,Herring,LargeKitchenAppliances,Earthquakes,FISH,Car,SmallKitchenAppliances
Haptics,WordsSynonyms,50words,ShapesAll,uWaveGestureLibrary_Y,ArrowHead,ToeSegmentation1,uWaveGestureLibrary_Z,Cricket_Z,uWaveGestureLibrary_X,StarLightCurves,Cricket_Y,Worms,Cricket_X,Symbols,ToeSegmentation2,ProximalPhalanxTW,UWaveGestureLibraryAll,ECG5000,Gun_Point,DistalPhalanxTW,MALLAT,Lighting7,ProximalPhalanxOutlineAgeGroup,SonyAIBORobotSurface,DistalPhalanxOutlineAgeGroup,MoteStrain,FaceAll,OSULeaf,SwedishLeaf,Coffee,InlineSkate,DistalPhalanxOutlineCorrect,synthetic_control,ItalyPowerDemand,ScreenType,MiddlePhalanxTW,ECG200,WormsTwoClass,Lighting2,BirdChicken,TwoLeadECG,Plane,ProximalPhalanxOutlineCorrect,CBF,ElectricDevices,MiddlePhalanxOutlineAgeGroup,FacesUCR,Ham,MedicalImages,MiddlePhalanxOutlineCorrect,ECGFiveDays,Computers,PhalangesOutlinesCorrect,BeetleFly,Adiac,Trace,SonyAIBORobotSurfaceII,Strawberry,CinC_ECG_torso,HandOutlines,yoga,InsectWingbeatSound,DiatomSizeReduction,wafer,OliveOil,NonInvasiveFatalECG_Thorax2,Car,Herring,FISH,FaceFour,Beef,NonInvasiveFatalECG_Thorax1,Phoneme,Two_Patterns,Wine,ChlorineConcentration,FordB,FordA,Meat,RefrigerationDevices,LargeKitchenAppliances,ShapeletSim,Earthquakes,SmallKitchenAppliances
Herring,FISH,Adiac,SwedishLeaf,DiatomSizeReduction,Car,ShapesAll,Plane,OSULeaf,BirdChicken,yoga,ToeSegmentation2,InlineSkate,uWaveGestureLibrary_Z,NonInvasiveFatalECG_Thorax1,SonyAIBORobotSurface,NonInvasiveFatalECG_Thorax2,Cricket_X,UWaveGestureLibraryAll,uWaveGestureLibrary_X,synthetic_control,Cricket_Z,Worms,Cricket_Y,WormsTwoClass,ElectricDevices,FacesUCR,ECG200,ScreenType,uWaveGestureLibrary_Y,MoteStrain,BeetleFly,ECG5000,ChlorineConcentration,ToeSegmentation1,FaceAll,SonyAIBORobotSurfaceII,Computers,FaceFour,DistalPhalanxTW,WordsSynonyms,DistalPhalanxOutlineAgeGroup,Haptics,Beef,InsectWingbeatSound,StarLightCurves,TwoLeadECG,ItalyPowerDemand,50words,Symbols,ProximalPhalanxTW,DistalPhalanxOutlineCorrect,CinC_ECG_torso,MiddlePhalanxTW,MedicalImages,ProximalPhalanxOutlineAgeGroup,MiddlePhalanxOutlineAgeGroup,MiddlePhalanxOutlineCorrect,ECGFiveDays,Two_Patterns,ProximalPhalanxOutlineCorrect,CBF,PhalangesOutlinesCorrect,Phoneme,Trace,Lighting7,FordB,Ham,FordA,Strawberry,RefrigerationDevices,wafer,Gun_Point,Wine,Lighting2,ShapeletSim,ArrowHead,LargeKitchenAppliances,Earthquakes,OliveOil,Meat,MALLAT,Coffee,SmallKitchenAppliances,HandOutlines
InlineSkate,ShapesAll,uWaveGestureLibrary_X,ToeSegmentation2,yoga,SwedishLeaf,WordsSynonyms,uWaveGestureLibrary_Y,uWaveGestureLibrary_Z,Adiac,50words,Plane,Cricket_Z,ECG200,BirdChicken,OSULeaf,Symbols,DiatomSizeReduction,Cricket_X,Cricket_Y,ElectricDevices,Car,StarLightCurves,Gun_Point,FISH,CBF,Worms,Lighting7,Herring,SonyAIBORobotSurface,Strawberry,TwoLeadECG,NonInvasiveFatalECG_Thorax2,InsectWingbeatSound,MiddlePhalanxTW,ProximalPhalanxOutlineAgeGroup,synthetic_control,ProximalPhalanxTW,DistalPhalanxOutlineCorrect,DistalPhalanxTW,MiddlePhalanxOutlineAgeGroup,DistalPhalanxOutlineAgeGroup,MiddlePhalanxOutlineCorrect,PhalangesOutlinesCorrect,ProximalPhalanxOutlineCorrect,Computers,MoteStrain,Lighting2,ECG5000,SonyAIBORobotSurfaceII,ScreenType,ToeSegmentation1,ItalyPowerDemand,WormsTwoClass,FaceAll,NonInvasiveFatalECG_Thorax1,UWaveGestureLibraryAll,Wine,MedicalImages,Coffee,ArrowHead,Trace,FacesUCR,Haptics,CinC_ECG_torso,Beef,wafer,BeetleFly,ECGFiveDays,OliveOil,Ham,ChlorineConcentration,FaceFour,MALLAT,LargeKitchenAppliances,Meat,Two_Patterns,Phoneme,FordB,FordA,RefrigerationDevices,ShapeletSim,Earthquakes,SmallKitchenAppliances,HandOutlines
InsectWingbeatSound,StarLightCurves,50words,MedicalImages,Cricket_X,Cricket_Z,WordsSynonyms,Strawberry,ToeSegmentation2,ToeSegmentation1,Lighting7,uWaveGestureLibrary_X,Computers,uWaveGestureLibrary_Y,ProximalPhalanxTW,ProximalPhalanxOutlineAgeGroup,DistalPhalanxOutlineCorrect,DistalPhalanxOutlineAgeGroup,ProximalPhalanxOutlineCorrect,DistalPhalanxTW,ElectricDevices,MiddlePhalanxTW,PhalangesOutlinesCorrect,MiddlePhalanxOutlineAgeGroup,MiddlePhalanxOutlineCorrect,Beef,uWaveGestureLibrary_Z,OliveOil,ScreenType,Cricket_Y,FaceAll,Lighting2,SwedishLeaf,Wine,SonyAIBORobotSurfaceII,Ham,FacesUCR,wafer,CBF,synthetic_control,SonyAIBORobotSurface,LargeKitchenAppliances,InlineSkate,ItalyPowerDemand,ShapesAll,MoteStrain,Meat,Worms,Gun_Point,ECG200,Plane,OSULeaf,WormsTwoClass,Symbols,yoga,BeetleFly,ArrowHead,BirdChicken,Adiac,UWaveGestureLibraryAll,Two_Patterns,ECGFiveDays,ECG5000,Coffee,MALLAT,TwoLeadECG,ChlorineConcentration,FaceFour,CinC_ECG_torso,DiatomSizeReduction,Haptics,NonInvasiveFatalECG_Thorax1,NonInvasiveFatalECG_Thorax2,RefrigerationDevices,Trace,FISH,Phoneme,Herring,Car,SmallKitchenAppliances,FordB,FordA,Earthquakes,ShapeletSim,HandOutlines
ItalyPowerDemand,Trace,synthetic_control,uWaveGestureLibrary_X,TwoLeadECG,uWaveGestureLibrary_Y,ElectricDevices,MoteStrain,Gun_Point,Symbols,uWaveGestureLibrary_Z,CBF,WordsSynonyms,ProximalPhalanxTW,ProximalPhalanxOutlineAgeGroup,ProximalPhalanxOutlineCorrect,DistalPhalanxOutlineCorrect,DistalPhalanxOutlineAgeGroup,MiddlePhalanxOutlineAgeGroup,DistalPhalanxTW,MiddlePhalanxTW,ECG200,MiddlePhalanxOutlineCorrect,PhalangesOutlinesCorrect,MedicalImages,ECG5000,Lighting7,Cricket_Y,50words,wafer,Cricket_X,SonyAIBORobotSurfaceII,ToeSegmentation2,Cricket_Z,SonyAIBORobotSurface,InsectWingbeatSound,Two_Patterns,Worms,FaceAll,SwedishLeaf,ScreenType,ECGFiveDays,Plane,FacesUCR,InlineSkate,ArrowHead,Beef,Strawberry,ShapesAll,ToeSegmentation1,Computers,Adiac,Coffee,Haptics,BirdChicken,OSULeaf,yoga,Lighting2,DiatomSizeReduction,WormsTwoClass,Wine,Ham,Meat,UWaveGestureLibraryAll,ChlorineConcentration,StarLightCurves,CinC_ECG_torso,BeetleFly,FaceFour,Herring,FISH,NonInvasiveFatalECG_Thorax2,LargeKitchenAppliances,Car,OliveOil,NonInvasiveFatalECG_Thorax1,Phoneme,FordB,FordA,RefrigerationDevices,ShapeletSim,MALLAT,SmallKitchenAppliances,Earthquakes,HandOutlines
LargeKitchenAppliances,Lighting7,ElectricDevices,InsectWingbeatSound,Computers,MedicalImages,Lighting2,Cricket_Z,Cricket_X,50words,WordsSynonyms,ScreenType,Strawberry,CBF,FacesUCR,FaceAll,Ham,ToeSegmentation1,SonyAIBORobotSurfaceII,uWaveGestureLibrary_X,ToeSegmentation2,uWaveGestureLibrary_Y,Cricket_Y,StarLightCurves,SmallKitchenAppliances,SwedishLeaf,Wine,SonyAIBORobotSurface,ECGFiveDays,Plane,uWaveGestureLibrary_Z,Meat,Beef,Gun_Point,ShapesAll,ProximalPhalanxTW,MoteStrain,ProximalPhalanxOutlineAgeGroup,DistalPhalanxTW,DistalPhalanxOutlineAgeGroup,DistalPhalanxOutlineCorrect,OliveOil,ProximalPhalanxOutlineCorrect,InlineSkate,wafer,MiddlePhalanxOutlineAgeGroup,PhalangesOutlinesCorrect,MiddlePhalanxOutlineCorrect,MiddlePhalanxTW,ECG5000,FaceFour,Worms,OSULeaf,Two_Patterns,ItalyPowerDemand,ECG200,synthetic_control,Symbols,Adiac,BeetleFly,ArrowHead,WormsTwoClass,yoga,Coffee,TwoLeadECG,BirdChicken,ChlorineConcentration,UWaveGestureLibraryAll,CinC_ECG_torso,RefrigerationDevices,Phoneme,DiatomSizeReduction,Haptics,FordB,Trace,NonInvasiveFatalECG_Thorax2,MALLAT,FordA,Earthquakes,NonInvasiveFatalECG_Thorax1,FISH,Herring,Car,ShapeletSim,HandOutlines
Lighting2,Lighting7,WordsSynonyms,50words,Strawberry,Cricket_Z,InsectWingbeatSound,Cricket_X,MedicalImages,Computers,InlineSkate,ElectricDevices,uWaveGestureLibrary_Y,CBF,ToeSegmentation2,LargeKitchenAppliances,uWaveGestureLibrary_Z,StarLightCurves,uWaveGestureLibrary_X,ScreenType,Meat,Gun_Point,ShapesAll,wafer,ToeSegmentation1,Ham,Cricket_Y,FaceAll,Symbols,ProximalPhalanxTW,Haptics,ProximalPhalanxOutlineAgeGroup,MiddlePhalanxTW,DistalPhalanxTW,DistalPhalanxOutlineAgeGroup,MoteStrain,Coffee,ProximalPhalanxOutlineCorrect,Beef,DistalPhalanxOutlineCorrect,Plane,PhalangesOutlinesCorrect,SonyAIBORobotSurfaceII,MiddlePhalanxOutlineCorrect,MiddlePhalanxOutlineAgeGroup,FacesUCR,Worms,SwedishLeaf,ECG5000,SonyAIBORobotSurface,ECGFiveDays,ECG200,WormsTwoClass,synthetic_control,ItalyPowerDemand,OSULeaf,ArrowHead,TwoLeadECG,Wine,SmallKitchenAppliances,OliveOil,UWaveGestureLibraryAll,Trace,Adiac,BeetleFly,Two_Patterns,BirdChicken,yoga,FaceFour,ChlorineConcentration,NonInvasiveFatalECG_Thorax2,CinC_ECG_torso,DiatomSizeReduction,RefrigerationDevices,FordB,NonInvasiveFatalECG_Thorax1,Phoneme,FordA,MALLAT,Herring,FISH,Earthquakes,Car,ShapeletSim,HandOutlines
Lighting7,50words,WordsSynonyms,MedicalImages,Strawberry,uWaveGestureLibrary_Z,Gun_Point,Lighting2,CBF,Cricket_Z,uWaveGestureLibrary_Y,uWaveGestureLibrary_X,InsectWingbeatSound,Cricket_X,ElectricDevices,Symbols,ProximalPhalanxOutlineAgeGroup,ProximalPhalanxTW,DistalPhalanxOutlineCorrect,ItalyPowerDemand,Coffee,DistalPhalanxOutlineAgeGroup,ProximalPhalanxOutlineCorrect,DistalPhalanxTW,PhalangesOutlinesCorrect,ToeSegmentation2,synthetic_control,MiddlePhalanxTW,MiddlePhalanxOutlineAgeGroup,MiddlePhalanxOutlineCorrect,LargeKitchenAppliances,Computers,Trace,MoteStrain,StarLightCurves,InlineSkate,ECG5000,ScreenType,Meat,ToeSegmentation1,SonyAIBORobotSurfaceII,TwoLeadECG,Beef,ArrowHead,FaceAll,ShapesAll,Cricket_Y,ECG200,Worms,wafer,SmallKitchenAppliances,FacesUCR,SonyAIBORobotSurface,Haptics,Ham,UWaveGestureLibraryAll,SwedishLeaf,Plane,ECGFiveDays,WormsTwoClass,Wine,Two_Patterns,OSULeaf,Adiac,OliveOil,yoga,BirdChicken,BeetleFly,FaceFour,ChlorineConcentration,HandOutlines,FordB,CinC_ECG_torso,FordA,RefrigerationDevices,DiatomSizeReduction,Phoneme,NonInvasiveFatalECG_Thorax2,MALLAT,NonInvasiveFatalECG_Thorax1,Herring,FISH,ShapeletSim,Car,Earthquakes
MALLAT,WordsSynonyms,50words,UWaveGestureLibraryAll,ToeSegmentation1,Cricket_Z,ShapesAll,Cricket_X,FaceAll,Cricket_Y,ToeSegmentation2,Worms,WormsTwoClass,Symbols,ArrowHead,FacesUCR,Ham,uWaveGestureLibrary_Y,BeetleFly,OliveOil,Haptics,synthetic_control,uWaveGestureLibrary_X,SonyAIBORobotSurfaceII,ScreenType,yoga,InsectWingbeatSound,Beef,SwedishLeaf,uWaveGestureLibrary_Z,OSULeaf,ElectricDevices,StarLightCurves,Computers,ProximalPhalanxTW,ProximalPhalanxOutlineAgeGroup,DistalPhalanxOutlineAgeGroup,DistalPhalanxTW,DistalPhalanxOutlineCorrect,MiddlePhalanxTW,ProximalPhalanxOutlineCorrect,MiddlePhalanxOutlineAgeGroup,MiddlePhalanxOutlineCorrect,PhalangesOutlinesCorrect,FaceFour,CBF,SonyAIBORobotSurface,MedicalImages,Plane,Phoneme,InlineSkate,wafer,ECG5000,RefrigerationDevices,CinC_ECG_torso,Coffee,ECG200,ChlorineConcentration,Wine,FordB,FordA,MoteStrain,Two_Patterns,ECGFiveDays,Strawberry,BirdChicken,Lighting7,ShapeletSim,TwoLeadECG,Lighting2,ItalyPowerDemand,Adiac,LargeKitchenAppliances,Gun_Point,NonInvasiveFatalECG_Thorax1,HandOutlines,NonInvasiveFatalECG_Thorax2,Meat,Trace,Car,Earthquakes,DiatomSizeReduction,FISH,Herring,SmallKitchenAppliances
Meat,Strawberry,50words,Beef,uWaveGestureLibrary_Y,WordsSynonyms,uWaveGestureLibrary_X,MedicalImages,Wine,Cricket_X,uWaveGestureLibrary_Z,Lighting7,InsectWingbeatSound,CBF,Cricket_Z,Gun_Point,PhalangesOutlinesCorrect,DistalPhalanxOutlineAgeGroup,DistalPhalanxOutlineCorrect,ProximalPhalanxTW,ProximalPhalanxOutlineAgeGroup,DistalPhalanxTW,Computers,ProximalPhalanxOutlineCorrect,MiddlePhalanxOutlineAgeGroup,SonyAIBORobotSurfaceII,MiddlePhalanxTW,MiddlePhalanxOutlineCorrect,Coffee,Lighting2,StarLightCurves,FacesUCR,MoteStrain,FaceAll,ScreenType,wafer,Worms,ECG5000,ElectricDevices,SonyAIBORobotSurface,Cricket_Y,ToeSegmentation2,WormsTwoClass,Plane,ToeSegmentation1,synthetic_control,ShapesAll,SwedishLeaf,ArrowHead,LargeKitchenAppliances,ECGFiveDays,ItalyPowerDemand,Ham,Two_Patterns,InlineSkate,Adiac,OliveOil,yoga,ChlorineConcentration,FaceFour,OSULeaf,BeetleFly,ECG200,BirdChicken,TwoLeadECG,UWaveGestureLibraryAll,Symbols,Haptics,FordB,FordA,CinC_ECG_torso,Phoneme,RefrigerationDevices,DiatomSizeReduction,NonInvasiveFatalECG_Thorax2,SmallKitchenAppliances,NonInvasiveFatalECG_Thorax1,MALLAT,ShapeletSim,Earthquakes,Trace,FISH,Car,Herring,HandOutlines
MedicalImages,PhalangesOutlinesCorrect,DistalPhalanxOutlineAgeGroup,ProximalPhalanxTW,ProximalPhalanxOutlineCorrect,ProximalPhalanxOutlineAgeGroup,MiddlePhalanxOutlineAgeGroup,MiddlePhalanxTW,50words,DistalPhalanxTW,MiddlePhalanxOutlineCorrect,InsectWingbeatSound,DistalPhalanxOutlineCorrect,Strawberry,Gun_Point,ArrowHead,ElectricDevices,uWaveGestureLibrary_X,uWaveGestureLibrary_Z,uWaveGestureLibrary_Y,MoteStrain,Lighting7,WordsSynonyms,wafer,Coffee,synthetic_control,Cricket_X,CBF,Cricket_Z,ECG5000,SonyAIBORobotSurface,ItalyPowerDemand,Beef,ECG200,Computers,FacesUCR,Cricket_Y,SonyAIBORobotSurfaceII,ChlorineConcentration,Meat,FaceAll,ToeSegmentation1,SwedishLeaf,ShapesAll,yoga,Lighting2,StarLightCurves,ToeSegmentation2,LargeKitchenAppliances,ScreenType,Wine,Adiac,Worms,Two_Patterns,Plane,ECGFiveDays,TwoLeadECG,OSULeaf,InlineSkate,WormsTwoClass,BirdChicken,OliveOil,Haptics,UWaveGestureLibraryAll,Symbols,Trace,BeetleFly,DiatomSizeReduction,NonInvasiveFatalECG_Thorax2,NonInvasiveFatalECG_Thorax1,Ham,FaceFour,MALLAT,FISH,HandOutlines,Car,Herring,CinC_ECG_torso,SmallKitchenAppliances,Phoneme,RefrigerationDevices,FordB,FordA,ShapeletSim,Earthquakes
MiddlePhalanxOutlineAgeGroup,MiddlePhalanxTW,MiddlePhalanxOutlineCorrect,PhalangesOutlinesCorrect,DistalPhalanxTW,DistalPhalanxOutlineAgeGroup,ProximalPhalanxOutlineAgeGroup,ProximalPhalanxTW,DistalPhalanxOutlineCorrect,ProximalPhalanxOutlineCorrect,50words,uWaveGestureLibrary_Y,MedicalImages,uWaveGestureLibrary_X,WordsSynonyms,uWaveGestureLibrary_Z,wafer,MoteStrain,Gun_Point,synthetic_control,Cricket_Z,Coffee,SonyAIBORobotSurface,CBF,ArrowHead,ItalyPowerDemand,ShapesAll,Cricket_X,Beef,ElectricDevices,Cricket_Y,ToeSegmentation2,Worms,SonyAIBORobotSurfaceII,Lighting7,InsectWingbeatSound,yoga,Strawberry,ScreenType,ECG5000,ToeSegmentation1,FaceAll,StarLightCurves,ECG200,InlineSkate,Computers,Two_Patterns,SwedishLeaf,Plane,Wine,Adiac,FacesUCR,WormsTwoClass,Meat,TwoLeadECG,OSULeaf,ECGFiveDays,BirdChicken,OliveOil,Symbols,Haptics,Lighting2,BeetleFly,Ham,UWaveGestureLibraryAll,Trace,MALLAT,ChlorineConcentration,DiatomSizeReduction,CinC_ECG_torso,FaceFour,Car,FISH,LargeKitchenAppliances,NonInvasiveFatalECG_Thorax2,Herring,NonInvasiveFatalECG_Thorax1,Phoneme,FordB,FordA,RefrigerationDevices,ShapeletSim,SmallKitchenAppliances,Earthquakes,HandOutlines
MiddlePhalanxOutlineCorrect,MiddlePhalanxOutlineAgeGroup,MiddlePhalanxTW,PhalangesOutlinesCorrect,DistalPhalanxOutlineAgeGroup,DistalPhalanxTW,ProximalPhalanxOutlineAgeGroup,ProximalPhalanxTW,ProximalPhalanxOutlineCorrect,DistalPhalanxOutlineCorrect,50words,uWaveGestureLibrary_Y,MedicalImages,uWaveGestureLibrary_X,WordsSynonyms,wafer,uWaveGestureLibrary_Z,MoteStrain,Gun_Point,synthetic_control,Cricket_Z,Coffee,CBF,SonyAIBORobotSurface,ArrowHead,ItalyPowerDemand,Beef,ShapesAll,Cricket_X,ElectricDevices,Cricket_Y,Worms,ToeSegmentation2,SonyAIBORobotSurfaceII,Lighting7,InsectWingbeatSound,Strawberry,ScreenType,yoga,ECG5000,ToeSegmentation1,FaceAll,InlineSkate,Computers,ECG200,Two_Patterns,StarLightCurves,Wine,SwedishLeaf,Plane,Adiac,FacesUCR,WormsTwoClass,TwoLeadECG,Meat,OSULeaf,ECGFiveDays,BirdChicken,OliveOil,Lighting2,Symbols,BeetleFly,Haptics,Ham,UWaveGestureLibraryAll,ChlorineConcentration,MALLAT,Trace,DiatomSizeReduction,CinC_ECG_torso,FaceFour,Car,FISH,LargeKitchenAppliances,NonInvasiveFatalECG_Thorax2,Herring,NonInvasiveFatalECG_Thorax1,Phoneme,FordB,FordA,RefrigerationDevices,ShapeletSim,SmallKitchenAppliances,Earthquakes,HandOutlines
MiddlePhalanxTW,MiddlePhalanxOutlineAgeGroup,MiddlePhalanxOutlineCorrect,DistalPhalanxTW,DistalPhalanxOutlineAgeGroup,PhalangesOutlinesCorrect,ProximalPhalanxTW,ProximalPhalanxOutlineCorrect,ProximalPhalanxOutlineAgeGroup,DistalPhalanxOutlineCorrect,50words,uWaveGestureLibrary_Y,MedicalImages,uWaveGestureLibrary_X,WordsSynonyms,wafer,uWaveGestureLibrary_Z,MoteStrain,Gun_Point,synthetic_control,ShapesAll,Cricket_Z,SonyAIBORobotSurface,Coffee,ArrowHead,Cricket_X,CBF,ItalyPowerDemand,ToeSegmentation2,ElectricDevices,Beef,Cricket_Y,Worms,SonyAIBORobotSurfaceII,InsectWingbeatSound,yoga,Lighting7,Strawberry,ScreenType,ToeSegmentation1,ECG5000,StarLightCurves,FaceAll,ECG200,InlineSkate,Two_Patterns,Computers,SwedishLeaf,Plane,Adiac,Wine,FacesUCR,WormsTwoClass,OSULeaf,TwoLeadECG,Meat,ECGFiveDays,BirdChicken,OliveOil,Haptics,Symbols,Lighting2,BeetleFly,UWaveGestureLibraryAll,Ham,Trace,MALLAT,ChlorineConcentration,DiatomSizeReduction,CinC_ECG_torso,Car,FISH,FaceFour,LargeKitchenAppliances,NonInvasiveFatalECG_Thorax2,Herring,NonInvasiveFatalECG_Thorax1,Phoneme,FordB,FordA,RefrigerationDevices,ShapeletSim,SmallKitchenAppliances,Earthquakes,HandOutlines
MoteStrain,uWaveGestureLibrary_Y,uWaveGestureLibrary_X,Gun_Point,DistalPhalanxOutlineAgeGroup,PhalangesOutlinesCorrect,DistalPhalanxTW,DistalPhalanxOutlineCorrect,MedicalImages,uWaveGestureLibrary_Z,MiddlePhalanxOutlineAgeGroup,MiddlePhalanxTW,StarLightCurves,MiddlePhalanxOutlineCorrect,ProximalPhalanxOutlineCorrect,ProximalPhalanxTW,ProximalPhalanxOutlineAgeGroup,ItalyPowerDemand,WordsSynonyms,50words,ECG5000,synthetic_control,ToeSegmentation2,CBF,Cricket_Y,Cricket_Z,ElectricDevices,Cricket_X,SonyAIBORobotSurface,Beef,wafer,SonyAIBORobotSurfaceII,TwoLeadECG,Worms,SwedishLeaf,Plane,ECG200,Adiac,ShapesAll,Symbols,Trace,Lighting7,Coffee,Strawberry,FacesUCR,OSULeaf,yoga,BirdChicken,InsectWingbeatSound,Two_Patterns,FaceAll,InlineSkate,ScreenType,WormsTwoClass,Computers,ArrowHead,ToeSegmentation1,ECGFiveDays,Wine,DiatomSizeReduction,Meat,Haptics,Lighting2,UWaveGestureLibraryAll,Herring,CinC_ECG_torso,FISH,Car,NonInvasiveFatalECG_Thorax2,BeetleFly,ChlorineConcentration,FaceFour,NonInvasiveFatalECG_Thorax1,Ham,LargeKitchenAppliances,OliveOil,Phoneme,MALLAT,FordB,FordA,RefrigerationDevices,ShapeletSim,HandOutlines,SmallKitchenAppliances,Earthquakes
NonInvasiveFatalECG_Thorax1,NonInvasiveFatalECG_Thorax2,SwedishLeaf,Plane,ShapesAll,DiatomSizeReduction,Adiac,OSULeaf,FISH,Herring,yoga,Car,BirdChicken,InlineSkate,Cricket_X,SonyAIBORobotSurface,Cricket_Y,Cricket_Z,ToeSegmentation2,uWaveGestureLibrary_X,UWaveGestureLibraryAll,BeetleFly,uWaveGestureLibrary_Z,ECG5000,FaceAll,uWaveGestureLibrary_Y,FaceFour,Worms,synthetic_control,ECGFiveDays,ECG200,SonyAIBORobotSurfaceII,WormsTwoClass,MedicalImages,ScreenType,InsectWingbeatSound,ToeSegmentation1,FacesUCR,MoteStrain,ChlorineConcentration,CinC_ECG_torso,ElectricDevices,DistalPhalanxTW,TwoLeadECG,Computers,DistalPhalanxOutlineAgeGroup,Symbols,Haptics,ProximalPhalanxTW,DistalPhalanxOutlineCorrect,MiddlePhalanxTW,ProximalPhalanxOutlineAgeGroup,MiddlePhalanxOutlineAgeGroup,MiddlePhalanxOutlineCorrect,StarLightCurves,50words,WordsSynonyms,ItalyPowerDemand,Phoneme,CBF,ProximalPhalanxOutlineCorrect,Beef,Two_Patterns,PhalangesOutlinesCorrect,Lighting7,Gun_Point,Lighting2,Wine,Strawberry,wafer,FordB,Trace,FordA,Ham,RefrigerationDevices,MALLAT,ArrowHead,OliveOil,Coffee,LargeKitchenAppliances,Meat,ShapeletSim,Earthquakes,SmallKitchenAppliances,HandOutlines
NonInvasiveFatalECG_Thorax2,NonInvasiveFatalECG_Thorax1,SwedishLeaf,ShapesAll,Plane,OSULeaf,Adiac,DiatomSizeReduction,InlineSkate,yoga,FISH,Herring,ToeSegmentation2,ECG5000,BirdChicken,Car,Cricket_X,uWaveGestureLibrary_X,SonyAIBORobotSurface,Cricket_Y,Cricket_Z,BeetleFly,uWaveGestureLibrary_Z,Worms,UWaveGestureLibraryAll,synthetic_control,uWaveGestureLibrary_Y,FacesUCR,FaceFour,ToeSegmentation1,WormsTwoClass,MoteStrain,MedicalImages,SonyAIBORobotSurfaceII,FaceAll,ScreenType,ECG200,ChlorineConcentration,InsectWingbeatSound,ECGFiveDays,CinC_ECG_torso,WordsSynonyms,ElectricDevices,DistalPhalanxTW,Haptics,Computers,DistalPhalanxOutlineAgeGroup,Symbols,ProximalPhalanxTW,DistalPhalanxOutlineCorrect,ItalyPowerDemand,50words,TwoLeadECG,ProximalPhalanxOutlineAgeGroup,MiddlePhalanxTW,CBF,StarLightCurves,MiddlePhalanxOutlineAgeGroup,Beef,MiddlePhalanxOutlineCorrect,ProximalPhalanxOutlineCorrect,Phoneme,Lighting7,PhalangesOutlinesCorrect,Strawberry,Two_Patterns,Lighting2,Gun_Point,Wine,Ham,wafer,FordB,Trace,FordA,RefrigerationDevices,OliveOil,LargeKitchenAppliances,Meat,ArrowHead,Coffee,MALLAT,ShapeletSim,Earthquakes,SmallKitchenAppliances,HandOutlines
OSULeaf,Plane,SwedishLeaf,ShapesAll,BirdChicken,yoga,Herring,Adiac,DiatomSizeReduction,FISH,Car,Symbols,uWaveGestureLibrary_X,BeetleFly,ToeSegmentation2,ToeSegmentation1,Cricket_X,Cricket_Y,InlineSkate,Cricket_Z,uWaveGestureLibrary_Z,SonyAIBORobotSurface,UWaveGestureLibraryAll,synthetic_control,uWaveGestureLibrary_Y,NonInvasiveFatalECG_Thorax2,Worms,FacesUCR,WormsTwoClass,NonInvasiveFatalECG_Thorax1,FaceFour,DistalPhalanxTW,FaceAll,MoteStrain,DistalPhalanxOutlineAgeGroup,ECG5000,ECG200,InsectWingbeatSound,SonyAIBORobotSurfaceII,DistalPhalanxOutlineCorrect,Beef,ElectricDevices,CinC_ECG_torso,ProximalPhalanxTW,MiddlePhalanxTW,ScreenType,WordsSynonyms,MiddlePhalanxOutlineAgeGroup,StarLightCurves,50words,ProximalPhalanxOutlineAgeGroup,MiddlePhalanxOutlineCorrect,MedicalImages,CBF,Computers,ChlorineConcentration,Haptics,Strawberry,ProximalPhalanxOutlineCorrect,Phoneme,Ham,PhalangesOutlinesCorrect,TwoLeadECG,ItalyPowerDemand,MALLAT,Two_Patterns,ECGFiveDays,Lighting7,Gun_Point,wafer,OliveOil,Lighting2,Trace,FordB,Wine,ArrowHead,FordA,RefrigerationDevices,Coffee,LargeKitchenAppliances,Meat,ShapeletSim,Earthquakes,SmallKitchenAppliances,HandOutlines
OliveOil,WordsSynonyms,50words,StarLightCurves,ToeSegmentation2,InsectWingbeatSound,Cricket_Z,Cricket_X,Beef,ToeSegmentation1,Cricket_Y,uWaveGestureLibrary_Y,Ham,ScreenType,SonyAIBORobotSurfaceII,FacesUCR,MALLAT,FaceAll,ProximalPhalanxTW,ProximalPhalanxOutlineAgeGroup,uWaveGestureLibrary_X,UWaveGestureLibraryAll,ProximalPhalanxOutlineCorrect,ShapesAll,DistalPhalanxOutlineCorrect,DistalPhalanxOutlineAgeGroup,Computers,MiddlePhalanxTW,Worms,DistalPhalanxTW,uWaveGestureLibrary_Z,PhalangesOutlinesCorrect,MiddlePhalanxOutlineCorrect,MiddlePhalanxOutlineAgeGroup,Wine,ElectricDevices,ArrowHead,MedicalImages,WormsTwoClass,SonyAIBORobotSurface,yoga,ECG5000,InlineSkate,BeetleFly,OSULeaf,wafer,Strawberry,SwedishLeaf,Symbols,Lighting7,synthetic_control,CBF,Coffee,CinC_ECG_torso,Haptics,Lighting2,FaceFour,MoteStrain,LargeKitchenAppliances,Meat,Plane,Gun_Point,ECG200,ECGFiveDays,Two_Patterns,ChlorineConcentration,BirdChicken,RefrigerationDevices,ItalyPowerDemand,Phoneme,FordB,FordA,Adiac,TwoLeadECG,NonInvasiveFatalECG_Thorax2,NonInvasiveFatalECG_Thorax1,SmallKitchenAppliances,Earthquakes,ShapeletSim,DiatomSizeReduction,Trace,Car,FISH,Herring,HandOutlines
PhalangesOutlinesCorrect,ProximalPhalanxTW,MiddlePhalanxOutlineAgeGroup,ProximalPhalanxOutlineAgeGroup,ProximalPhalanxOutlineCorrect,DistalPhalanxOutlineAgeGroup,MiddlePhalanxOutlineCorrect,MiddlePhalanxTW,DistalPhalanxOutlineCorrect,DistalPhalanxTW,50words,uWaveGestureLibrary_Y,MedicalImages,WordsSynonyms,uWaveGestureLibrary_X,wafer,uWaveGestureLibrary_Z,MoteStrain,Gun_Point,synthetic_control,CBF,ArrowHead,Coffee,Cricket_Z,Beef,SonyAIBORobotSurface,ItalyPowerDemand,ElectricDevices,Cricket_Y,ShapesAll,Cricket_X,Lighting7,SonyAIBORobotSurfaceII,InsectWingbeatSound,Strawberry,Worms,ScreenType,ToeSegmentation2,ECG5000,ToeSegmentation1,yoga,FaceAll,Computers,Wine,InlineSkate,ECG200,Two_Patterns,FacesUCR,SwedishLeaf,Plane,Adiac,Meat,WormsTwoClass,StarLightCurves,TwoLeadECG,ECGFiveDays,OliveOil,OSULeaf,BirdChicken,Lighting2,BeetleFly,Haptics,UWaveGestureLibraryAll,Ham,Symbols,ChlorineConcentration,MALLAT,Trace,DiatomSizeReduction,CinC_ECG_torso,FaceFour,LargeKitchenAppliances,Car,FISH,NonInvasiveFatalECG_Thorax2,Phoneme,NonInvasiveFatalECG_Thorax1,Herring,FordB,FordA,RefrigerationDevices,ShapeletSim,SmallKitchenAppliances,Earthquakes,HandOutlines
Phoneme,FordA,FordB,BeetleFly,Worms,Cricket_Y,ShapesAll,WormsTwoClass,Cricket_X,UWaveGestureLibraryAll,FaceAll,Cricket_Z,FaceFour,OSULeaf,FacesUCR,50words,WordsSynonyms,SwedishLeaf,SonyAIBORobotSurfaceII,ToeSegmentation1,synthetic_control,ChlorineConcentration,Symbols,uWaveGestureLibrary_X,Plane,ScreenType,Computers,RefrigerationDevices,CinC_ECG_torso,ElectricDevices,ToeSegmentation2,Ham,uWaveGestureLibrary_Y,BirdChicken,MALLAT,uWaveGestureLibrary_Z,InsectWingbeatSound,Two_Patterns,SonyAIBORobotSurface,yoga,ECG200,CBF,ShapeletSim,Beef,DistalPhalanxTW,Haptics,ECG5000,MoteStrain,InlineSkate,DistalPhalanxOutlineAgeGroup,Adiac,OliveOil,NonInvasiveFatalECG_Thorax2,NonInvasiveFatalECG_Thorax1,DistalPhalanxOutlineCorrect,MedicalImages,Lighting7,ECGFiveDays,StarLightCurves,TwoLeadECG,ProximalPhalanxTW,ProximalPhalanxOutlineAgeGroup,ProximalPhalanxOutlineCorrect,MiddlePhalanxTW,wafer,PhalangesOutlinesCorrect,MiddlePhalanxOutlineAgeGroup,DiatomSizeReduction,MiddlePhalanxOutlineCorrect,Car,FISH,Strawberry,ItalyPowerDemand,Wine,Herring,LargeKitchenAppliances,Coffee,ArrowHead,Lighting2,Trace,Gun_Point,Earthquakes,Meat,SmallKitchenAppliances,HandOutlines
Plane,SwedishLeaf,Adiac,OSULeaf,FISH,ShapesAll,DiatomSizeReduction,BirdChicken,Herring,Car,ToeSegmentation2,uWaveGestureLibrary_X,yoga,SonyAIBORobotSurface,Cricket_X,InlineSkate,NonInvasiveFatalECG_Thorax2,Cricket_Y,Cricket_Z,NonInvasiveFatalECG_Thorax1,uWaveGestureLibrary_Z,uWaveGestureLibrary_Y,synthetic_control,UWaveGestureLibraryAll,MoteStrain,SonyAIBORobotSurfaceII,DistalPhalanxTW,DistalPhalanxOutlineAgeGroup,ECG5000,ElectricDevices,Worms,Symbols,ECG200,BeetleFly,DistalPhalanxOutlineCorrect,FaceAll,ProximalPhalanxTW,FacesUCR,MiddlePhalanxTW,ProximalPhalanxOutlineAgeGroup,MiddlePhalanxOutlineAgeGroup,MiddlePhalanxOutlineCorrect,ToeSegmentation1,InsectWingbeatSound,StarLightCurves,ProximalPhalanxOutlineCorrect,ScreenType,Computers,ItalyPowerDemand,Beef,PhalangesOutlinesCorrect,TwoLeadECG,WormsTwoClass,WordsSynonyms,FaceFour,CBF,50words,MedicalImages,Trace,Two_Patterns,Strawberry,ChlorineConcentration,Lighting7,ECGFiveDays,Gun_Point,Haptics,Lighting2,wafer,Wine,Meat,CinC_ECG_torso,Phoneme,LargeKitchenAppliances,Coffee,Ham,MALLAT,ArrowHead,RefrigerationDevices,OliveOil,FordB,FordA,ShapeletSim,SmallKitchenAppliances,Earthquakes,HandOutlines
ProximalPhalanxOutlineAgeGroup,ProximalPhalanxTW,ProximalPhalanxOutlineCorrect,PhalangesOutlinesCorrect,MiddlePhalanxOutlineAgeGroup,MiddlePhalanxOutlineCorrect,MiddlePhalanxTW,DistalPhalanxTW,DistalPhalanxOutlineAgeGroup,DistalPhalanxOutlineCorrect,50words,uWaveGestureLibrary_Y,WordsSynonyms,MedicalImages,uWaveGestureLibrary_X,wafer,uWaveGestureLibrary_Z,MoteStrain,Gun_Point,ShapesAll,synthetic_control,ArrowHead,Cricket_Z,ItalyPowerDemand,Coffee,SonyAIBORobotSurface,Cricket_X,CBF,ElectricDevices,Beef,Cricket_Y,ToeSegmentation2,Worms,Lighting7,SonyAIBORobotSurfaceII,InsectWingbeatSound,yoga,Strawberry,ToeSegmentation1,ScreenType,ECG5000,ECG200,FaceAll,Computers,InlineSkate,StarLightCurves,Two_Patterns,SwedishLeaf,Wine,Plane,Adiac,FacesUCR,WormsTwoClass,Meat,TwoLeadECG,OSULeaf,ECGFiveDays,OliveOil,Haptics,BirdChicken,Lighting2,Symbols,BeetleFly,UWaveGestureLibraryAll,Ham,Trace,MALLAT,ChlorineConcentration,DiatomSizeReduction,CinC_ECG_torso,Car,FISH,FaceFour,LargeKitchenAppliances,NonInvasiveFatalECG_Thorax2,Herring,NonInvasiveFatalECG_Thorax1,Phoneme,FordB,FordA,RefrigerationDevices,ShapeletSim,SmallKitchenAppliances,Earthquakes,HandOutlines
ProximalPhalanxOutlineCorrect,ProximalPhalanxTW,ProximalPhalanxOutlineAgeGroup,PhalangesOutlinesCorrect,MiddlePhalanxTW,MiddlePhalanxOutlineCorrect,MiddlePhalanxOutlineAgeGroup,DistalPhalanxOutlineAgeGroup,DistalPhalanxTW,DistalPhalanxOutlineCorrect,50words,uWaveGestureLibrary_Y,WordsSynonyms,MedicalImages,uWaveGestureLibrary_X,wafer,uWaveGestureLibrary_Z,MoteStrain,Gun_Point,synthetic_control,ArrowHead,ItalyPowerDemand,CBF,Cricket_Z,Coffee,Beef,ElectricDevices,ShapesAll,SonyAIBORobotSurface,Cricket_Y,Cricket_X,Lighting7,SonyAIBORobotSurfaceII,InsectWingbeatSound,Worms,ToeSegmentation2,Strawberry,ToeSegmentation1,ScreenType,yoga,ECG5000,FaceAll,Computers,ECG200,Wine,InlineSkate,Two_Patterns,FacesUCR,SwedishLeaf,Plane,Adiac,WormsTwoClass,Meat,TwoLeadECG,StarLightCurves,ECGFiveDays,OliveOil,OSULeaf,BirdChicken,Haptics,Lighting2,BeetleFly,Ham,UWaveGestureLibraryAll,Symbols,ChlorineConcentration,MALLAT,Trace,CinC_ECG_torso,DiatomSizeReduction,FaceFour,LargeKitchenAppliances,FISH,Car,NonInvasiveFatalECG_Thorax2,NonInvasiveFatalECG_Thorax1,Herring,Phoneme,FordB,FordA,RefrigerationDevices,ShapeletSim,SmallKitchenAppliances,Earthquakes,HandOutlines
ProximalPhalanxTW,ProximalPhalanxOutlineAgeGroup,ProximalPhalanxOutlineCorrect,PhalangesOutlinesCorrect,MiddlePhalanxTW,MiddlePhalanxOutlineCorrect,DistalPhalanxTW,MiddlePhalanxOutlineAgeGroup,DistalPhalanxOutlineAgeGroup,DistalPhalanxOutlineCorrect,50words,uWaveGestureLibrary_Y,WordsSynonyms,MedicalImages,uWaveGestureLibrary_X,wafer,uWaveGestureLibrary_Z,ShapesAll,MoteStrain,Gun_Point,Cricket_Z,ArrowHead,synthetic_control,SonyAIBORobotSurface,Cricket_X,ItalyPowerDemand,CBF,ToeSegmentation2,ElectricDevices,Coffee,Beef,Cricket_Y,Worms,yoga,SonyAIBORobotSurfaceII,Lighting7,InsectWingbeatSound,Strawberry,ToeSegmentation1,ScreenType,ECG5000,StarLightCurves,ECG200,FaceAll,Computers,Two_Patterns,SwedishLeaf,InlineSkate,Plane,Adiac,Wine,WormsTwoClass,FacesUCR,Meat,TwoLeadECG,OSULeaf,Haptics,ECGFiveDays,OliveOil,BirdChicken,Symbols,Lighting2,BeetleFly,UWaveGestureLibraryAll,Trace,Ham,MALLAT,CinC_ECG_torso,DiatomSizeReduction,ChlorineConcentration,Car,FISH,FaceFour,LargeKitchenAppliances,NonInvasiveFatalECG_Thorax2,Herring,NonInvasiveFatalECG_Thorax1,Phoneme,FordB,FordA,RefrigerationDevices,ShapeletSim,SmallKitchenAppliances,HandOutlines,Earthquakes
RefrigerationDevices,FordA,ElectricDevices,FordB,FaceAll,FacesUCR,synthetic_control,50words,ScreenType,WordsSynonyms,Cricket_Z,Worms,Cricket_X,Computers,ToeSegmentation1,Ham,Phoneme,WormsTwoClass,ChlorineConcentration,Earthquakes,FaceFour,ToeSegmentation2,InsectWingbeatSound,Cricket_Y,SonyAIBORobotSurfaceII,uWaveGestureLibrary_X,BeetleFly,ShapesAll,UWaveGestureLibraryAll,SwedishLeaf,OSULeaf,SonyAIBORobotSurface,MALLAT,Beef,ShapeletSim,Two_Patterns,Symbols,uWaveGestureLibrary_Y,Plane,uWaveGestureLibrary_Z,yoga,Lighting7,CBF,OliveOil,ECG200,MedicalImages,DistalPhalanxTW,BirdChicken,LargeKitchenAppliances,MoteStrain,DistalPhalanxOutlineAgeGroup,Lighting2,Adiac,ECG5000,TwoLeadECG,ProximalPhalanxTW,ProximalPhalanxOutlineAgeGroup,ProximalPhalanxOutlineCorrect,DistalPhalanxOutlineCorrect,InlineSkate,MiddlePhalanxOutlineAgeGroup,MiddlePhalanxTW,MiddlePhalanxOutlineCorrect,PhalangesOutlinesCorrect,ECGFiveDays,ItalyPowerDemand,ArrowHead,Strawberry,StarLightCurves,Wine,Coffee,DiatomSizeReduction,Haptics,CinC_ECG_torso,wafer,Gun_Point,Car,FISH,Herring,Trace,NonInvasiveFatalECG_Thorax2,Meat,NonInvasiveFatalECG_Thorax1,SmallKitchenAppliances,HandOutlines
ScreenType,ElectricDevices,Cricket_X,Cricket_Z,Computers,50words,MiddlePhalanxOutlineCorrect,MiddlePhalanxTW,DistalPhalanxTW,PhalangesOutlinesCorrect,MiddlePhalanxOutlineAgeGroup,WordsSynonyms,ProximalPhalanxOutlineCorrect,DistalPhalanxOutlineCorrect,ProximalPhalanxTW,InsectWingbeatSound,DistalPhalanxOutlineAgeGroup,ProximalPhalanxOutlineAgeGroup,synthetic_control,ToeSegmentation2,CBF,SonyAIBORobotSurfaceII,uWaveGestureLibrary_Z,uWaveGestureLibrary_Y,uWaveGestureLibrary_X,ToeSegmentation1,Lighting7,FacesUCR,FaceAll,Cricket_Y,wafer,SonyAIBORobotSurface,ShapesAll,ECG200,ItalyPowerDemand,SwedishLeaf,Gun_Point,MoteStrain,MedicalImages,Strawberry,Plane,Worms,Ham,InlineSkate,StarLightCurves,Adiac,Symbols,OliveOil,yoga,TwoLeadECG,OSULeaf,ECG5000,UWaveGestureLibraryAll,Beef,BirdChicken,Two_Patterns,ArrowHead,Lighting2,Coffee,BeetleFly,WormsTwoClass,DiatomSizeReduction,Wine,MALLAT,Trace,Haptics,Meat,LargeKitchenAppliances,ECGFiveDays,ChlorineConcentration,FISH,Herring,Car,FaceFour,RefrigerationDevices,NonInvasiveFatalECG_Thorax2,CinC_ECG_torso,Phoneme,NonInvasiveFatalECG_Thorax1,FordB,FordA,SmallKitchenAppliances,Earthquakes,ShapeletSim,HandOutlines
ShapeletSim,RefrigerationDevices,Phoneme,Earthquakes,FacesUCR,ElectricDevices,FaceAll,FordB,FordA,WormsTwoClass,synthetic_control,ScreenType,Worms,WordsSynonyms,Two_Patterns,Cricket_X,FaceFour,UWaveGestureLibraryAll,Cricket_Z,Computers,ChlorineConcentration,50words,Cricket_Y,SonyAIBORobotSurfaceII,ToeSegmentation1,CBF,ShapesAll,SwedishLeaf,BeetleFly,SonyAIBORobotSurface,uWaveGestureLibrary_X,OSULeaf,ToeSegmentation2,uWaveGestureLibrary_Z,Lighting7,uWaveGestureLibrary_Y,DistalPhalanxTW,Symbols,ECG200,Ham,DistalPhalanxOutlineAgeGroup,MoteStrain,yoga,Beef,DistalPhalanxOutlineCorrect,InsectWingbeatSound,Plane,ProximalPhalanxTW,ProximalPhalanxOutlineAgeGroup,MiddlePhalanxOutlineAgeGroup,MiddlePhalanxOutlineCorrect,ProximalPhalanxOutlineCorrect,MiddlePhalanxTW,PhalangesOutlinesCorrect,ItalyPowerDemand,MALLAT,TwoLeadECG,BirdChicken,MedicalImages,wafer,InlineSkate,Adiac,ECG5000,Gun_Point,ArrowHead,StarLightCurves,Strawberry,ECGFiveDays,DiatomSizeReduction,Haptics,Coffee,Trace,Car,Wine,FISH,CinC_ECG_torso,Herring,OliveOil,Lighting2,Meat,NonInvasiveFatalECG_Thorax2,NonInvasiveFatalECG_Thorax1,LargeKitchenAppliances,SmallKitchenAppliances,HandOutlines
ShapesAll,DiatomSizeReduction,FISH,Adiac,Car,SwedishLeaf,BirdChicken,uWaveGestureLibrary_Z,Herring,yoga,Plane,50words,uWaveGestureLibrary_X,uWaveGestureLibrary_Y,OSULeaf,ECG200,ArrowHead,InlineSkate,WordsSynonyms,Cricket_X,StarLightCurves,ProximalPhalanxTW,Cricket_Z,DistalPhalanxOutlineAgeGroup,DistalPhalanxTW,ToeSegmentation2,Cricket_Y,BeetleFly,ProximalPhalanxOutlineAgeGroup,DistalPhalanxOutlineCorrect,NonInvasiveFatalECG_Thorax2,Trace,SonyAIBORobotSurface,MiddlePhalanxTW,Symbols,MiddlePhalanxOutlineAgeGroup,ToeSegmentation1,ProximalPhalanxOutlineCorrect,MiddlePhalanxOutlineCorrect,UWaveGestureLibraryAll,PhalangesOutlinesCorrect,synthetic_control,NonInvasiveFatalECG_Thorax1,Beef,TwoLeadECG,Worms,ECG5000,FaceAll,wafer,FaceFour,MoteStrain,WormsTwoClass,FacesUCR,MALLAT,Haptics,InsectWingbeatSound,ElectricDevices,CBF,MedicalImages,Strawberry,SonyAIBORobotSurfaceII,ScreenType,Computers,Lighting7,Phoneme,CinC_ECG_torso,ItalyPowerDemand,Coffee,ECGFiveDays,Lighting2,OliveOil,Ham,ChlorineConcentration,Gun_Point,Wine,Two_Patterns,Meat,FordB,FordA,LargeKitchenAppliances,RefrigerationDevices,HandOutlines,ShapeletSim,Earthquakes,SmallKitchenAppliances
SmallKitchenAppliances,Lighting7,LargeKitchenAppliances,ElectricDevices,Lighting2,Cricket_X,Cricket_Z,Computers,InsectWingbeatSound,ScreenType,MedicalImages,WordsSynonyms,50words,FacesUCR,Ham,FaceAll,ToeSegmentation1,SonyAIBORobotSurfaceII,uWaveGestureLibrary_Y,CBF,ToeSegmentation2,uWaveGestureLibrary_X,Strawberry,SonyAIBORobotSurface,SwedishLeaf,Wine,ECGFiveDays,Beef,Plane,Cricket_Y,StarLightCurves,ProximalPhalanxOutlineAgeGroup,ProximalPhalanxTW,ProximalPhalanxOutlineCorrect,DistalPhalanxTW,DistalPhalanxOutlineAgeGroup,DistalPhalanxOutlineCorrect,Gun_Point,uWaveGestureLibrary_Z,MoteStrain,MiddlePhalanxTW,PhalangesOutlinesCorrect,MiddlePhalanxOutlineAgeGroup,MiddlePhalanxOutlineCorrect,ItalyPowerDemand,synthetic_control,Two_Patterns,Meat,ECG5000,ECG200,ShapesAll,TwoLeadECG,OSULeaf,wafer,OliveOil,ChlorineConcentration,Adiac,FaceFour,Worms,BirdChicken,ArrowHead,BeetleFly,yoga,WormsTwoClass,RefrigerationDevices,Coffee,Symbols,Phoneme,CinC_ECG_torso,FordB,Trace,FordA,DiatomSizeReduction,Earthquakes,UWaveGestureLibraryAll,InlineSkate,FISH,NonInvasiveFatalECG_Thorax2,ShapeletSim,Herring,NonInvasiveFatalECG_Thorax1,MALLAT,Car,Haptics,HandOutlines
SonyAIBORobotSurface,SwedishLeaf,Adiac,ECG200,synthetic_control,DistalPhalanxOutlineAgeGroup,DistalPhalanxTW,Plane,uWaveGestureLibrary_X,SonyAIBORobotSurfaceII,Cricket_Y,ShapesAll,ProximalPhalanxTW,DistalPhalanxOutlineCorrect,MiddlePhalanxTW,ProximalPhalanxOutlineAgeGroup,MiddlePhalanxOutlineAgeGroup,Cricket_Z,MiddlePhalanxOutlineCorrect,yoga,uWaveGestureLibrary_Z,MedicalImages,Cricket_X,ToeSegmentation2,ProximalPhalanxOutlineCorrect,FacesUCR,PhalangesOutlinesCorrect,MoteStrain,OSULeaf,uWaveGestureLibrary_Y,FaceAll,Two_Patterns,ToeSegmentation1,ECG5000,TwoLeadECG,DiatomSizeReduction,ElectricDevices,BirdChicken,50words,Beef,Worms,ItalyPowerDemand,InsectWingbeatSound,InlineSkate,Car,FISH,Trace,CBF,WordsSynonyms,UWaveGestureLibraryAll,Herring,StarLightCurves,ScreenType,Computers,wafer,Gun_Point,Symbols,ECGFiveDays,Strawberry,WormsTwoClass,ChlorineConcentration,Lighting7,Wine,NonInvasiveFatalECG_Thorax2,BeetleFly,NonInvasiveFatalECG_Thorax1,Haptics,FaceFour,Coffee,Meat,Ham,OliveOil,CinC_ECG_torso,Lighting2,ArrowHead,LargeKitchenAppliances,MALLAT,Phoneme,RefrigerationDevices,FordB,FordA,ShapeletSim,HandOutlines,SmallKitchenAppliances,Earthquakes
SonyAIBORobotSurfaceII,synthetic_control,SonyAIBORobotSurface,Two_Patterns,FaceAll,ElectricDevices,ProximalPhalanxTW,Cricket_X,FacesUCR,WordsSynonyms,ProximalPhalanxOutlineAgeGroup,ToeSegmentation1,DistalPhalanxTW,ProximalPhalanxOutlineCorrect,DistalPhalanxOutlineCorrect,MiddlePhalanxTW,Cricket_Z,MiddlePhalanxOutlineAgeGroup,MiddlePhalanxOutlineCorrect,DistalPhalanxOutlineAgeGroup,MoteStrain,PhalangesOutlinesCorrect,50words,uWaveGestureLibrary_Y,ToeSegmentation2,uWaveGestureLibrary_X,SwedishLeaf,Plane,ItalyPowerDemand,ECG200,MedicalImages,uWaveGestureLibrary_Z,wafer,CBF,Cricket_Y,InsectWingbeatSound,ScreenType,ECG5000,TwoLeadECG,Adiac,Computers,Lighting7,ShapesAll,Gun_Point,Coffee,Ham,yoga,Wine,Beef,Worms,OSULeaf,InlineSkate,ECGFiveDays,Strawberry,Trace,BirdChicken,Symbols,StarLightCurves,OliveOil,Meat,BeetleFly,ArrowHead,MALLAT,DiatomSizeReduction,WormsTwoClass,UWaveGestureLibraryAll,FaceFour,ChlorineConcentration,Car,FISH,Lighting2,LargeKitchenAppliances,Herring,CinC_ECG_torso,Haptics,NonInvasiveFatalECG_Thorax2,Phoneme,NonInvasiveFatalECG_Thorax1,RefrigerationDevices,FordB,FordA,ShapeletSim,SmallKitchenAppliances,Earthquakes,HandOutlines
StarLightCurves,uWaveGestureLibrary_X,WordsSynonyms,InsectWingbeatSound,50words,uWaveGestureLibrary_Z,ECG200,uWaveGestureLibrary_Y,ShapesAll,MoteStrain,Cricket_X,Cricket_Z,ToeSegmentation2,OliveOil,Beef,Adiac,DistalPhalanxOutlineAgeGroup,DistalPhalanxTW,ToeSegmentation1,InlineSkate,synthetic_control,Worms,DistalPhalanxOutlineCorrect,Cricket_Y,Strawberry,ProximalPhalanxTW,Lighting7,MiddlePhalanxTW,Trace,ProximalPhalanxOutlineAgeGroup,MiddlePhalanxOutlineAgeGroup,SwedishLeaf,SonyAIBORobotSurface,MiddlePhalanxOutlineCorrect,MedicalImages,Computers,Haptics,Plane,CBF,ScreenType,FaceAll,WormsTwoClass,Lighting2,SonyAIBORobotSurfaceII,ProximalPhalanxOutlineCorrect,PhalangesOutlinesCorrect,OSULeaf,FacesUCR,wafer,ElectricDevices,Meat,Ham,ArrowHead,Symbols,BirdChicken,ECG5000,CinC_ECG_torso,Wine,yoga,DiatomSizeReduction,Gun_Point,MALLAT,ECGFiveDays,BeetleFly,Coffee,LargeKitchenAppliances,UWaveGestureLibraryAll,ChlorineConcentration,ItalyPowerDemand,FaceFour,Two_Patterns,FISH,Car,Herring,TwoLeadECG,NonInvasiveFatalECG_Thorax2,NonInvasiveFatalECG_Thorax1,Phoneme,FordB,FordA,RefrigerationDevices,SmallKitchenAppliances,ShapeletSim,Earthquakes,HandOutlines
Strawberry,WordsSynonyms,50words,Meat,MedicalImages,uWaveGestureLibrary_Y,InsectWingbeatSound,Lighting7,Cricket_X,uWaveGestureLibrary_X,Gun_Point,Cricket_Z,Beef,ToeSegmentation2,uWaveGestureLibrary_Z,CBF,wafer,DistalPhalanxOutlineCorrect,ProximalPhalanxTW,DistalPhalanxTW,MiddlePhalanxTW,PhalangesOutlinesCorrect,MiddlePhalanxOutlineCorrect,Lighting2,ProximalPhalanxOutlineCorrect,ProximalPhalanxOutlineAgeGroup,MiddlePhalanxOutlineAgeGroup,DistalPhalanxOutlineAgeGroup,ElectricDevices,MoteStrain,StarLightCurves,InlineSkate,Coffee,Worms,Computers,ShapesAll,Cricket_Y,ToeSegmentation1,ScreenType,SonyAIBORobotSurfaceII,Wine,synthetic_control,ECG5000,SonyAIBORobotSurface,ItalyPowerDemand,FacesUCR,FaceAll,ECG200,SwedishLeaf,WormsTwoClass,ArrowHead,Plane,OSULeaf,LargeKitchenAppliances,ECGFiveDays,Haptics,OliveOil,TwoLeadECG,Symbols,Ham,Two_Patterns,Adiac,BirdChicken,yoga,BeetleFly,ChlorineConcentration,FaceFour,CinC_ECG_torso,Trace,UWaveGestureLibraryAll,DiatomSizeReduction,NonInvasiveFatalECG_Thorax2,Phoneme,MALLAT,FordB,FordA,RefrigerationDevices,NonInvasiveFatalECG_Thorax1,FISH,Herring,Car,SmallKitchenAppliances,ShapeletSim,Earthquakes,HandOutlines
SwedishLeaf,Adiac,DiatomSizeReduction,FISH,ShapesAll,Car,Herring,Plane,yoga,OSULeaf,BirdChicken,uWaveGestureLibrary_X,SonyAIBORobotSurface,Cricket_X,ToeSegmentation2,NonInvasiveFatalECG_Thorax1,Cricket_Y,InlineSkate,Cricket_Z,NonInvasiveFatalECG_Thorax2,uWaveGestureLibrary_Z,synthetic_control,ToeSegmentation1,uWaveGestureLibrary_Y,BeetleFly,FacesUCR,FaceAll,MoteStrain,ECG200,SonyAIBORobotSurfaceII,Symbols,Worms,ElectricDevices,UWaveGestureLibraryAll,DistalPhalanxTW,ECG5000,Two_Patterns,InsectWingbeatSound,DistalPhalanxOutlineAgeGroup,DistalPhalanxOutlineCorrect,Beef,ProximalPhalanxTW,FaceFour,MedicalImages,MiddlePhalanxTW,ProximalPhalanxOutlineAgeGroup,StarLightCurves,MiddlePhalanxOutlineAgeGroup,CBF,TwoLeadECG,MiddlePhalanxOutlineCorrect,ItalyPowerDemand,WordsSynonyms,wafer,ScreenType,50words,WormsTwoClass,ProximalPhalanxOutlineCorrect,PhalangesOutlinesCorrect,Computers,CinC_ECG_torso,ChlorineConcentration,Trace,ECGFiveDays,Strawberry,Lighting7,Haptics,Gun_Point,MALLAT,Ham,Wine,Lighting2,OliveOil,Meat,Phoneme,ArrowHead,LargeKitchenAppliances,Coffee,RefrigerationDevices,FordB,FordA,ShapeletSim,SmallKitchenAppliances,Earthquakes,HandOutlines
Symbols,uWaveGestureLibrary_X,uWaveGestureLibrary_Y,synthetic_control,ToeSegmentation1,TwoLeadECG,ItalyPowerDemand,Cricket_X,uWaveGestureLibrary_Z,OSULeaf,Cricket_Z,ShapesAll,Trace,InlineSkate,Cricket_Y,ToeSegmentation2,Lighting7,UWaveGestureLibraryAll,ECG200,FacesUCR,SwedishLeaf,Worms,MoteStrain,FaceAll,ECG5000,Plane,BeetleFly,CBF,WordsSynonyms,50words,BirdChicken,WormsTwoClass,MALLAT,ElectricDevices,yoga,SonyAIBORobotSurfaceII,InsectWingbeatSound,SonyAIBORobotSurface,Gun_Point,ScreenType,DistalPhalanxTW,Haptics,DistalPhalanxOutlineAgeGroup,Beef,FaceFour,Adiac,CinC_ECG_torso,ECGFiveDays,Computers,StarLightCurves,DistalPhalanxOutlineCorrect,Two_Patterns,ProximalPhalanxTW,ChlorineConcentration,Ham,Lighting2,MiddlePhalanxTW,ProximalPhalanxOutlineAgeGroup,MiddlePhalanxOutlineAgeGroup,MiddlePhalanxOutlineCorrect,MedicalImages,ProximalPhalanxOutlineCorrect,wafer,PhalangesOutlinesCorrect,OliveOil,Strawberry,ArrowHead,Phoneme,DiatomSizeReduction,Coffee,FISH,Wine,NonInvasiveFatalECG_Thorax2,NonInvasiveFatalECG_Thorax1,RefrigerationDevices,Herring,Car,FordB,LargeKitchenAppliances,FordA,Meat,ShapeletSim,Earthquakes,SmallKitchenAppliances,HandOutlines
ToeSegmentation1,ToeSegmentation2,WordsSynonyms,Cricket_X,50words,Cricket_Z,Symbols,Cricket_Y,InsectWingbeatSound,uWaveGestureLibrary_Y,synthetic_control,OSULeaf,uWaveGestureLibrary_X,SwedishLeaf,uWaveGestureLibrary_Z,ShapesAll,DistalPhalanxTW,DistalPhalanxOutlineAgeGroup,yoga,FaceAll,BirdChicken,DistalPhalanxOutlineCorrect,FacesUCR,SonyAIBORobotSurfaceII,Beef,Worms,UWaveGestureLibraryAll,StarLightCurves,BeetleFly,SonyAIBORobotSurface,MALLAT,ProximalPhalanxTW,ProximalPhalanxOutlineAgeGroup,ProximalPhalanxOutlineCorrect,MiddlePhalanxTW,MiddlePhalanxOutlineAgeGroup,WormsTwoClass,PhalangesOutlinesCorrect,MiddlePhalanxOutlineCorrect,Ham,ScreenType,Computers,MedicalImages,ElectricDevices,OliveOil,Lighting7,Haptics,Plane,Strawberry,ECG200,ArrowHead,MoteStrain,InlineSkate,CBF,Wine,ItalyPowerDemand,ECG5000,FaceFour,wafer,Two_Patterns,CinC_ECG_torso,Adiac,Coffee,TwoLeadECG,Lighting2,DiatomSizeReduction,ECGFiveDays,Gun_Point,Car,LargeKitchenAppliances,ChlorineConcentration,FISH,Meat,Herring,NonInvasiveFatalECG_Thorax2,Trace,Phoneme,RefrigerationDevices,NonInvasiveFatalECG_Thorax1,FordB,FordA,ShapeletSim,SmallKitchenAppliances,Earthquakes,HandOutlines
ToeSegmentation2,ToeSegmentation1,uWaveGestureLibrary_X,WordsSynonyms,Plane,50words,Adiac,InlineSkate,SwedishLeaf,ShapesAll,Cricket_X,Cricket_Z,BirdChicken,uWaveGestureLibrary_Z,uWaveGestureLibrary_Y,Cricket_Y,OSULeaf,DistalPhalanxTW,DistalPhalanxOutlineAgeGroup,StarLightCurves,InsectWingbeatSound,MoteStrain,ProximalPhalanxTW,yoga,DistalPhalanxOutlineCorrect,SonyAIBORobotSurface,MiddlePhalanxTW,ProximalPhalanxOutlineAgeGroup,Symbols,DiatomSizeReduction,Strawberry,MiddlePhalanxOutlineAgeGroup,ElectricDevices,MiddlePhalanxOutlineCorrect,synthetic_control,Lighting7,Beef,Car,SonyAIBORobotSurfaceII,Worms,ProximalPhalanxOutlineCorrect,Gun_Point,FaceAll,ItalyPowerDemand,ECG200,CBF,FacesUCR,OliveOil,PhalangesOutlinesCorrect,Herring,FISH,Computers,ECG5000,ScreenType,Ham,BeetleFly,TwoLeadECG,UWaveGestureLibraryAll,WormsTwoClass,Wine,MALLAT,MedicalImages,wafer,Lighting2,NonInvasiveFatalECG_Thorax2,ArrowHead,Two_Patterns,Haptics,ECGFiveDays,Trace,Coffee,CinC_ECG_torso,NonInvasiveFatalECG_Thorax1,FaceFour,Meat,LargeKitchenAppliances,ChlorineConcentration,Phoneme,RefrigerationDevices,FordB,FordA,SmallKitchenAppliances,ShapeletSim,Earthquakes,HandOutlines
Trace,uWaveGestureLibrary_Y,ItalyPowerDemand,uWaveGestureLibrary_Z,ECG200,uWaveGestureLibrary_X,synthetic_control,ShapesAll,WordsSynonyms,Symbols,TwoLeadECG,ECG5000,Cricket_X,Cricket_Z,MoteStrain,Lighting7,Cricket_Y,StarLightCurves,SonyAIBORobotSurface,ElectricDevices,CBF,SonyAIBORobotSurfaceII,SwedishLeaf,Adiac,Beef,Plane,ToeSegmentation2,FaceAll,InlineSkate,ECGFiveDays,50words,DistalPhalanxTW,ScreenType,FacesUCR,DistalPhalanxOutlineAgeGroup,Worms,Gun_Point,wafer,Two_Patterns,ProximalPhalanxTW,MedicalImages,Haptics,ProximalPhalanxOutlineAgeGroup,DistalPhalanxOutlineCorrect,MiddlePhalanxTW,MiddlePhalanxOutlineAgeGroup,ToeSegmentation1,yoga,ProximalPhalanxOutlineCorrect,Computers,MiddlePhalanxOutlineCorrect,WormsTwoClass,PhalangesOutlinesCorrect,ChlorineConcentration,OSULeaf,ArrowHead,InsectWingbeatSound,BirdChicken,DiatomSizeReduction,Lighting2,Strawberry,Ham,FaceFour,BeetleFly,CinC_ECG_torso,FISH,Coffee,Wine,UWaveGestureLibraryAll,Herring,Car,FordB,FordA,Phoneme,NonInvasiveFatalECG_Thorax2,NonInvasiveFatalECG_Thorax1,RefrigerationDevices,LargeKitchenAppliances,ShapeletSim,MALLAT,OliveOil,Meat,Earthquakes,SmallKitchenAppliances,HandOutlines
TwoLeadECG,ItalyPowerDemand,uWaveGestureLibrary_X,uWaveGestureLibrary_Y,ECG200,uWaveGestureLibrary_Z,Symbols,ECG5000,Cricket_Y,Trace,synthetic_control,ECGFiveDays,ElectricDevices,Cricket_Z,ShapesAll,MoteStrain,SonyAIBORobotSurface,Cricket_X,Adiac,Worms,InlineSkate,SonyAIBORobotSurfaceII,ToeSegmentation2,CBF,FacesUCR,Lighting7,SwedishLeaf,yoga,FaceAll,Beef,Plane,WordsSynonyms,DistalPhalanxOutlineAgeGroup,50words,DistalPhalanxTW,Gun_Point,ProximalPhalanxTW,DistalPhalanxOutlineCorrect,ProximalPhalanxOutlineAgeGroup,Two_Patterns,ScreenType,ProximalPhalanxOutlineCorrect,MiddlePhalanxTW,MiddlePhalanxOutlineAgeGroup,MiddlePhalanxOutlineCorrect,PhalangesOutlinesCorrect,wafer,Computers,MedicalImages,ToeSegmentation1,BirdChicken,InsectWingbeatSound,CinC_ECG_torso,OSULeaf,Haptics,ArrowHead,DiatomSizeReduction,Wine,Strawberry,ChlorineConcentration,WormsTwoClass,Lighting2,BeetleFly,FaceFour,Coffee,Ham,FISH,UWaveGestureLibraryAll,NonInvasiveFatalECG_Thorax1,Herring,Car,StarLightCurves,NonInvasiveFatalECG_Thorax2,Meat,LargeKitchenAppliances,Phoneme,FordB,FordA,RefrigerationDevices,OliveOil,ShapeletSim,MALLAT,SmallKitchenAppliances,Earthquakes,HandOutlines
Two_Patterns,SonyAIBORobotSurfaceII,synthetic_control,SonyAIBORobotSurface,FacesUCR,FaceAll,SwedishLeaf,Cricket_X,ElectricDevices,Cricket_Y,ProximalPhalanxTW,DistalPhalanxOutlineAgeGroup,DistalPhalanxTW,MiddlePhalanxTW,ProximalPhalanxOutlineAgeGroup,DistalPhalanxOutlineCorrect,ItalyPowerDemand,MiddlePhalanxOutlineAgeGroup,MiddlePhalanxOutlineCorrect,Cricket_Z,MoteStrain,PhalangesOutlinesCorrect,ProximalPhalanxOutlineCorrect,ECG200,CBF,Computers,MedicalImages,wafer,TwoLeadECG,ToeSegmentation2,50words,ScreenType,uWaveGestureLibrary_X,WordsSynonyms,uWaveGestureLibrary_Z,ToeSegmentation1,ECGFiveDays,Plane,InsectWingbeatSound,uWaveGestureLibrary_Y,ECG5000,Symbols,Gun_Point,Adiac,ShapesAll,Beef,FaceFour,OSULeaf,Lighting7,Trace,Worms,BirdChicken,ChlorineConcentration,Wine,yoga,Strawberry,BeetleFly,Ham,Coffee,WormsTwoClass,DiatomSizeReduction,ArrowHead,CinC_ECG_torso,Phoneme,StarLightCurves,Meat,FordB,UWaveGestureLibraryAll,FordA,Lighting2,InlineSkate,FISH,RefrigerationDevices,LargeKitchenAppliances,Car,Haptics,OliveOil,Herring,NonInvasiveFatalECG_Thorax2,MALLAT,NonInvasiveFatalECG_Thorax1,ShapeletSim,Earthquakes,SmallKitchenAppliances,HandOutlines
UWaveGestureLibraryAll,Worms,ShapesAll,uWaveGestureLibrary_X,Symbols,Plane,BeetleFly,OSULeaf,50words,BirdChicken,Cricket_X,WordsSynonyms,ToeSegmentation1,Cricket_Y,MALLAT,SwedishLeaf,Cricket_Z,WormsTwoClass,yoga,Adiac,synthetic_control,ToeSegmentation2,FaceAll,FISH,Car,DiatomSizeReduction,uWaveGestureLibrary_Z,SonyAIBORobotSurface,uWaveGestureLibrary_Y,Ham,FacesUCR,Herring,Beef,ScreenType,Haptics,DistalPhalanxTW,ECG5000,Phoneme,InlineSkate,Computers,InsectWingbeatSound,OliveOil,FaceFour,Lighting7,SonyAIBORobotSurfaceII,ElectricDevices,Coffee,CinC_ECG_torso,FordA,FordB,ArrowHead,NonInvasiveFatalECG_Thorax1,DistalPhalanxOutlineAgeGroup,ChlorineConcentration,ProximalPhalanxTW,MedicalImages,MoteStrain,NonInvasiveFatalECG_Thorax2,CBF,DistalPhalanxOutlineCorrect,ProximalPhalanxOutlineAgeGroup,ProximalPhalanxOutlineCorrect,MiddlePhalanxTW,PhalangesOutlinesCorrect,MiddlePhalanxOutlineCorrect,MiddlePhalanxOutlineAgeGroup,ECG200,Wine,StarLightCurves,wafer,ItalyPowerDemand,ECGFiveDays,RefrigerationDevices,Lighting2,TwoLeadECG,Two_Patterns,HandOutlines,Strawberry,LargeKitchenAppliances,Trace,Meat,Gun_Point,ShapeletSim,Earthquakes,SmallKitchenAppliances
Wine,Beef,uWaveGestureLibrary_Y,50words,WordsSynonyms,InsectWingbeatSound,uWaveGestureLibrary_X,Meat,PhalangesOutlinesCorrect,DistalPhalanxOutlineCorrect,Cricket_Z,ToeSegmentation2,ProximalPhalanxOutlineCorrect,ProximalPhalanxTW,DistalPhalanxOutlineAgeGroup,ProximalPhalanxOutlineAgeGroup,MiddlePhalanxTW,MiddlePhalanxOutlineCorrect,DistalPhalanxTW,MiddlePhalanxOutlineAgeGroup,SonyAIBORobotSurfaceII,Cricket_X,MedicalImages,Strawberry,uWaveGestureLibrary_Z,ToeSegmentation1,ElectricDevices,Cricket_Y,MoteStrain,ECG5000,SonyAIBORobotSurface,InlineSkate,Computers,FaceAll,ChlorineConcentration,ScreenType,FacesUCR,synthetic_control,StarLightCurves,ShapesAll,OliveOil,Coffee,CBF,Worms,WormsTwoClass,SwedishLeaf,Lighting7,yoga,ECG200,Gun_Point,wafer,Plane,ECGFiveDays,TwoLeadECG,ArrowHead,Two_Patterns,UWaveGestureLibraryAll,ItalyPowerDemand,BeetleFly,LargeKitchenAppliances,Adiac,Lighting2,OSULeaf,Ham,FaceFour,BirdChicken,Symbols,CinC_ECG_torso,Haptics,MALLAT,DiatomSizeReduction,Trace,Phoneme,FordB,NonInvasiveFatalECG_Thorax2,FordA,NonInvasiveFatalECG_Thorax1,RefrigerationDevices,FISH,Car,SmallKitchenAppliances,Herring,Earthquakes,ShapeletSim,HandOutlines
WordsSynonyms,50words,Strawberry,StarLightCurves,ProximalPhalanxTW,ProximalPhalanxOutlineAgeGroup,ProximalPhalanxOutlineCorrect,uWaveGestureLibrary_Y,DistalPhalanxOutlineAgeGroup,PhalangesOutlinesCorrect,DistalPhalanxOutlineCorrect,DistalPhalanxTW,MiddlePhalanxOutlineCorrect,MiddlePhalanxOutlineAgeGroup,ArrowHead,MiddlePhalanxTW,ToeSegmentation1,uWaveGestureLibrary_X,ShapesAll,ToeSegmentation2,Cricket_X,uWaveGestureLibrary_Z,InsectWingbeatSound,Gun_Point,ElectricDevices,Lighting7,Cricket_Z,MedicalImages,MALLAT,InlineSkate,MoteStrain,ItalyPowerDemand,CBF,Trace,wafer,OliveOil,Beef,Meat,Lighting2,Coffee,synthetic_control,Cricket_Y,SonyAIBORobotSurfaceII,FaceAll,Ham,Worms,UWaveGestureLibraryAll,FacesUCR,ECG5000,Haptics,Computers,ScreenType,Wine,yoga,Symbols,SonyAIBORobotSurface,WormsTwoClass,SwedishLeaf,TwoLeadECG,Adiac,Plane,ECG200,OSULeaf,BeetleFly,LargeKitchenAppliances,Two_Patterns,ECGFiveDays,BirdChicken,HandOutlines,FordB,CinC_ECG_torso,FordA,FaceFour,Phoneme,RefrigerationDevices,ChlorineConcentration,DiatomSizeReduction,FISH,Car,Herring,NonInvasiveFatalECG_Thorax2,NonInvasiveFatalECG_Thorax1,SmallKitchenAppliances,Earthquakes,ShapeletSim
Worms,WormsTwoClass,uWaveGestureLibrary_Z,DistalPhalanxTW,uWaveGestureLibrary_X,uWaveGestureLibrary_Y,DistalPhalanxOutlineAgeGroup,ProximalPhalanxTW,UWaveGestureLibraryAll,DistalPhalanxOutlineCorrect,MiddlePhalanxTW,MiddlePhalanxOutlineAgeGroup,ProximalPhalanxOutlineAgeGroup,MiddlePhalanxOutlineCorrect,Cricket_Z,yoga,WordsSynonyms,ShapesAll,50words,ToeSegmentation1,MoteStrain,ProximalPhalanxOutlineCorrect,Cricket_X,ToeSegmentation2,BeetleFly,Cricket_Y,synthetic_control,PhalangesOutlinesCorrect,SwedishLeaf,OSULeaf,Symbols,StarLightCurves,Adiac,Beef,InlineSkate,ECG200,Gun_Point,SonyAIBORobotSurface,TwoLeadECG,Plane,Strawberry,ECG5000,FaceAll,BirdChicken,FacesUCR,CBF,ItalyPowerDemand,MALLAT,InsectWingbeatSound,DiatomSizeReduction,SonyAIBORobotSurfaceII,MedicalImages,ScreenType,FordB,Haptics,Phoneme,ArrowHead,FordA,wafer,Computers,Lighting7,ElectricDevices,Car,Ham,FISH,Herring,FaceFour,Coffee,OliveOil,CinC_ECG_torso,ChlorineConcentration,Meat,ECGFiveDays,NonInvasiveFatalECG_Thorax2,Trace,Wine,Lighting2,Two_Patterns,NonInvasiveFatalECG_Thorax1,RefrigerationDevices,HandOutlines,LargeKitchenAppliances,ShapeletSim,Earthquakes,SmallKitchenAppliances
WormsTwoClass,Worms,Cricket_X,BeetleFly,Cricket_Y,Cricket_Z,uWaveGestureLibrary_Z,UWaveGestureLibraryAll,ShapesAll,ToeSegmentation1,OSULeaf,uWaveGestureLibrary_X,FaceAll,DistalPhalanxOutlineAgeGroup,DistalPhalanxTW,ToeSegmentation2,FacesUCR,uWaveGestureLibrary_Y,WordsSynonyms,DistalPhalanxOutlineCorrect,50words,ProximalPhalanxTW,MALLAT,Symbols,yoga,ProximalPhalanxOutlineAgeGroup,Beef,MoteStrain,SwedishLeaf,MiddlePhalanxTW,InsectWingbeatSound,synthetic_control,MiddlePhalanxOutlineAgeGroup,MiddlePhalanxOutlineCorrect,Plane,ProximalPhalanxOutlineCorrect,StarLightCurves,BirdChicken,Adiac,PhalangesOutlinesCorrect,SonyAIBORobotSurface,ArrowHead,Phoneme,InlineSkate,Ham,CBF,FaceFour,ScreenType,Strawberry,DiatomSizeReduction,Gun_Point,Coffee,ECG200,ElectricDevices,ECG5000,MedicalImages,Car,Computers,FISH,SonyAIBORobotSurfaceII,Herring,FordA,FordB,Lighting7,ChlorineConcentration,CinC_ECG_torso,Haptics,wafer,Wine,OliveOil,Meat,NonInvasiveFatalECG_Thorax2,Lighting2,TwoLeadECG,ItalyPowerDemand,Trace,NonInvasiveFatalECG_Thorax1,HandOutlines,Two_Patterns,RefrigerationDevices,ECGFiveDays,LargeKitchenAppliances,ShapeletSim,Earthquakes,SmallKitchenAppliances
synthetic_control,ItalyPowerDemand,uWaveGestureLibrary_Y,Trace,uWaveGestureLibrary_Z,uWaveGestureLibrary_X,Symbols,MedicalImages,DistalPhalanxTW,SonyAIBORobotSurface,PhalangesOutlinesCorrect,MiddlePhalanxTW,DistalPhalanxOutlineAgeGroup,DistalPhalanxOutlineCorrect,ElectricDevices,ProximalPhalanxOutlineCorrect,SonyAIBORobotSurfaceII,ProximalPhalanxOutlineAgeGroup,ProximalPhalanxTW,MiddlePhalanxOutlineAgeGroup,MiddlePhalanxOutlineCorrect,FaceAll,FacesUCR,Cricket_Y,MoteStrain,ToeSegmentation1,SwedishLeaf,Cricket_Z,TwoLeadECG,Two_Patterns,Cricket_X,WordsSynonyms,ShapesAll,Plane,ECG5000,BirdChicken,OSULeaf,ToeSegmentation2,Lighting7,ECG200,Worms,50words,StarLightCurves,Adiac,yoga,ScreenType,CBF,wafer,InsectWingbeatSound,UWaveGestureLibraryAll,BeetleFly,DiatomSizeReduction,InlineSkate,Beef,Car,FISH,ChlorineConcentration,Gun_Point,Herring,WormsTwoClass,Computers,Strawberry,FaceFour,ECGFiveDays,Coffee,MALLAT,ArrowHead,Wine,Haptics,Ham,FordB,NonInvasiveFatalECG_Thorax2,RefrigerationDevices,FordA,Meat,NonInvasiveFatalECG_Thorax1,CinC_ECG_torso,Lighting2,Phoneme,OliveOil,LargeKitchenAppliances,ShapeletSim,Earthquakes,HandOutlines,SmallKitchenAppliances
uWaveGestureLibrary_X,uWaveGestureLibrary_Z,Symbols,StarLightCurves,uWaveGestureLibrary_Y,MoteStrain,DistalPhalanxOutlineCorrect,ShapesAll,yoga,MiddlePhalanxOutlineAgeGroup,MiddlePhalanxTW,DistalPhalanxTW,DistalPhalanxOutlineAgeGroup,MiddlePhalanxOutlineCorrect,ProximalPhalanxOutlineAgeGroup,PhalangesOutlinesCorrect,SwedishLeaf,ProximalPhalanxTW,ProximalPhalanxOutlineCorrect,ItalyPowerDemand,Adiac,50words,ToeSegmentation2,WordsSynonyms,TwoLeadECG,MedicalImages,Plane,Trace,Gun_Point,InlineSkate,Cricket_X,synthetic_control,Beef,Cricket_Y,Cricket_Z,BirdChicken,OSULeaf,SonyAIBORobotSurface,Strawberry,ECG200,ToeSegmentation1,Worms,Lighting7,InsectWingbeatSound,ECG5000,FacesUCR,UWaveGestureLibraryAll,ElectricDevices,ArrowHead,DiatomSizeReduction,CBF,SonyAIBORobotSurfaceII,FaceAll,Coffee,Car,Meat,BeetleFly,FISH,WormsTwoClass,Wine,wafer,ScreenType,Computers,Haptics,Herring,Ham,ECGFiveDays,Lighting2,FaceFour,Two_Patterns,NonInvasiveFatalECG_Thorax2,OliveOil,CinC_ECG_torso,ChlorineConcentration,MALLAT,NonInvasiveFatalECG_Thorax1,LargeKitchenAppliances,Phoneme,RefrigerationDevices,FordB,FordA,ShapeletSim,SmallKitchenAppliances,HandOutlines,Earthquakes
uWaveGestureLibrary_Y,DistalPhalanxOutlineCorrect,DistalPhalanxOutlineAgeGroup,Trace,uWaveGestureLibrary_Z,uWaveGestureLibrary_X,ProximalPhalanxOutlineCorrect,MiddlePhalanxOutlineAgeGroup,MiddlePhalanxOutlineCorrect,PhalangesOutlinesCorrect,ProximalPhalanxTW,50words,ProximalPhalanxOutlineAgeGroup,MiddlePhalanxTW,Gun_Point,DistalPhalanxTW,MoteStrain,WordsSynonyms,ShapesAll,ItalyPowerDemand,yoga,Strawberry,Cricket_Y,ECG200,StarLightCurves,synthetic_control,MedicalImages,TwoLeadECG,Beef,Symbols,Cricket_X,Adiac,ToeSegmentation2,InlineSkate,Cricket_Z,ElectricDevices,wafer,ToeSegmentation1,Coffee,Lighting7,SwedishLeaf,Worms,Meat,Plane,ECG5000,SonyAIBORobotSurface,ArrowHead,CBF,InsectWingbeatSound,OSULeaf,SonyAIBORobotSurfaceII,FaceAll,Wine,BirdChicken,FacesUCR,Computers,ScreenType,BeetleFly,UWaveGestureLibraryAll,WormsTwoClass,Haptics,Lighting2,OliveOil,DiatomSizeReduction,MALLAT,ECGFiveDays,Ham,CinC_ECG_torso,Two_Patterns,FISH,Car,Herring,ChlorineConcentration,FaceFour,NonInvasiveFatalECG_Thorax2,LargeKitchenAppliances,NonInvasiveFatalECG_Thorax1,Phoneme,RefrigerationDevices,FordB,FordA,HandOutlines,SmallKitchenAppliances,ShapeletSim,Earthquakes
uWaveGestureLibrary_Z,uWaveGestureLibrary_X,ShapesAll,uWaveGestureLibrary_Y,ECG200,Trace,StarLightCurves,Gun_Point,DistalPhalanxOutlineAgeGroup,DistalPhalanxTW,ProximalPhalanxTW,ProximalPhalanxOutlineAgeGroup,WordsSynonyms,MiddlePhalanxOutlineAgeGroup,DistalPhalanxOutlineCorrect,MiddlePhalanxTW,Adiac,50words,PhalangesOutlinesCorrect,synthetic_control,MedicalImages,ProximalPhalanxOutlineCorrect,MoteStrain,MiddlePhalanxOutlineCorrect,TwoLeadECG,Cricket_Y,ToeSegmentation2,Beef,ItalyPowerDemand,InlineSkate,Symbols,CBF,Worms,Cricket_Z,yoga,Cricket_X,Lighting7,SwedishLeaf,SonyAIBORobotSurface,ToeSegmentation1,wafer,ElectricDevices,Plane,FaceAll,OSULeaf,Strawberry,BirdChicken,DiatomSizeReduction,ECG5000,ArrowHead,InsectWingbeatSound,SonyAIBORobotSurfaceII,WormsTwoClass,Car,Coffee,FISH,FacesUCR,ScreenType,Meat,Herring,UWaveGestureLibraryAll,Computers,Haptics,Wine,Lighting2,ECGFiveDays,CinC_ECG_torso,BeetleFly,Two_Patterns,ChlorineConcentration,Ham,OliveOil,FaceFour,NonInvasiveFatalECG_Thorax2,MALLAT,NonInvasiveFatalECG_Thorax1,LargeKitchenAppliances,Phoneme,RefrigerationDevices,FordB,FordA,ShapeletSim,SmallKitchenAppliances,Earthquakes,HandOutlines
wafer,ProximalPhalanxTW,MiddlePhalanxTW,MiddlePhalanxOutlineCorrect,ProximalPhalanxOutlineAgeGroup,DistalPhalanxOutlineAgeGroup,PhalangesOutlinesCorrect,ProximalPhalanxOutlineCorrect,MiddlePhalanxOutlineAgeGroup,DistalPhalanxOutlineCorrect,DistalPhalanxTW,MedicalImages,50words,uWaveGestureLibrary_Y,WordsSynonyms,uWaveGestureLibrary_Z,ArrowHead,Cricket_X,MoteStrain,ElectricDevices,Strawberry,Cricket_Y,ItalyPowerDemand,CBF,ShapesAll,Cricket_Z,SonyAIBORobotSurfaceII,synthetic_control,InsectWingbeatSound,uWaveGestureLibrary_X,Gun_Point,ScreenType,Coffee,SwedishLeaf,FaceAll,ToeSegmentation2,FacesUCR,Computers,ECG200,SonyAIBORobotSurface,ECG5000,Two_Patterns,Worms,Lighting7,ToeSegmentation1,TwoLeadECG,yoga,ECGFiveDays,Beef,StarLightCurves,Lighting2,Meat,InlineSkate,WormsTwoClass,Trace,Plane,Wine,OSULeaf,Symbols,OliveOil,Adiac,UWaveGestureLibraryAll,Ham,Haptics,ChlorineConcentration,BeetleFly,BirdChicken,MALLAT,FaceFour,LargeKitchenAppliances,CinC_ECG_torso,Phoneme,DiatomSizeReduction,FordB,FordA,NonInvasiveFatalECG_Thorax2,NonInvasiveFatalECG_Thorax1,RefrigerationDevices,FISH,Car,Herring,ShapeletSim,SmallKitchenAppliances,Earthquakes,HandOutlines
yoga,ShapesAll,Adiac,BirdChicken,SwedishLeaf,DiatomSizeReduction,uWaveGestureLibrary_X,FISH,Car,uWaveGestureLibrary_Y,OSULeaf,Plane,Herring,InlineSkate,Cricket_X,uWaveGestureLibrary_Z,Cricket_Y,SonyAIBORobotSurface,ToeSegmentation2,Cricket_Z,DistalPhalanxOutlineAgeGroup,DistalPhalanxTW,ECG200,ProximalPhalanxTW,ToeSegmentation1,DistalPhalanxOutlineCorrect,Worms,ProximalPhalanxOutlineAgeGroup,MiddlePhalanxTW,50words,MiddlePhalanxOutlineAgeGroup,MiddlePhalanxOutlineCorrect,synthetic_control,ProximalPhalanxOutlineCorrect,FacesUCR,UWaveGestureLibraryAll,PhalangesOutlinesCorrect,MoteStrain,WordsSynonyms,Beef,NonInvasiveFatalECG_Thorax2,MedicalImages,FaceAll,WormsTwoClass,ElectricDevices,SonyAIBORobotSurfaceII,TwoLeadECG,BeetleFly,Symbols,NonInvasiveFatalECG_Thorax1,InsectWingbeatSound,ScreenType,Computers,CinC_ECG_torso,wafer,ECG5000,MALLAT,Ham,ECGFiveDays,ChlorineConcentration,ArrowHead,StarLightCurves,FaceFour,CBF,Wine,ItalyPowerDemand,OliveOil,Trace,Two_Patterns,Haptics,Lighting7,Strawberry,Phoneme,Coffee,Gun_Point,Meat,RefrigerationDevices,Lighting2,LargeKitchenAppliances,FordB,FordA,ShapeletSim,Earthquakes,SmallKitchenAppliances,HandOutlines
